"row","column","cor","p"
"Kcross.Cancer2lympho","Kcross.lympho2Cancer",0.997909484702644,0
"Kcross.Cancer2lympho","Kcross.Cancer2Stromal",0.937104839040011,0
"Kcross.lympho2Cancer","Kcross.Cancer2Stromal",0.930471462442347,0
"Kcross.Cancer2lympho","Kcross.Stromal2Cancer",0.929628673846459,0
"Kcross.lympho2Cancer","Kcross.Stromal2Cancer",0.925313934129988,0
"Kcross.Cancer2Stromal","Kcross.Stromal2Cancer",0.997858620274016,0
"Kcross.Cancer2lympho","Kcross.Lympho2Stromal",0.431947908759341,1.79858625770635e-08
"Kcross.lympho2Cancer","Kcross.Lympho2Stromal",0.410890977454772,9.93200437449104e-08
"Kcross.Cancer2Stromal","Kcross.Lympho2Stromal",0.505509175522531,1.68960401225604e-11
"Kcross.Stromal2Cancer","Kcross.Lympho2Stromal",0.499987073711629,3.02566860455045e-11
"Kcross.Cancer2lympho","Kcross.Stromal2Lympho",0.3217666495279,4.20327467540726e-05
"Kcross.lympho2Cancer","Kcross.Stromal2Lympho",0.301597981147943,0.000130165187957054
"Kcross.Cancer2Stromal","Kcross.Stromal2Lympho",0.406031974857829,1.4493752198419e-07
"Kcross.Stromal2Cancer","Kcross.Stromal2Lympho",0.404813360388582,1.59198982663256e-07
"Kcross.Lympho2Stromal","Kcross.Stromal2Lympho",0.988910499725406,0
"Kcross.Cancer2lympho","cancer_ratio",0.0149200353094023,0.853336699177682
"Kcross.lympho2Cancer","cancer_ratio",0.00456816278295701,0.954865625500441
"Kcross.Cancer2Stromal","cancer_ratio",-0.0188981168954699,0.814860781340278
"Kcross.Stromal2Cancer","cancer_ratio",-0.0314294990150941,0.696911158654811
"Kcross.Lympho2Stromal","cancer_ratio",0.163777389719763,0.0410580828982809
"Kcross.Stromal2Lympho","cancer_ratio",0.152114093501181,0.0580035484971453
"Kcross.Cancer2lympho","stromal_ratio",-0.0535216879257289,0.506955822801086
"Kcross.lympho2Cancer","stromal_ratio",-0.0526455084771109,0.513945358388534
"Kcross.Cancer2Stromal","stromal_ratio",-0.130594684946925,0.104167735126764
"Kcross.Stromal2Cancer","stromal_ratio",-0.137082075000754,0.0879243427117213
"Kcross.Lympho2Stromal","stromal_ratio",-0.311783712118907,7.42992280660104e-05
"Kcross.Stromal2Lympho","stromal_ratio",-0.329243224436369,2.70722096016307e-05
"cancer_ratio","stromal_ratio",-0.16643695303357,0.0378398915237728
"Kcross.Cancer2lympho","lymphocytes_ratio",-0.0044596354420957,0.955936804406462
"Kcross.lympho2Cancer","lymphocytes_ratio",0.00585918712930185,0.942129771705994
"Kcross.Cancer2Stromal","lymphocytes_ratio",0.0451779532312995,0.575465559220906
"Kcross.Stromal2Cancer","lymphocytes_ratio",0.059173301529497,0.463086741944279
"Kcross.Lympho2Stromal","lymphocytes_ratio",-0.103892550181433,0.196815673242442
"Kcross.Stromal2Lympho","lymphocytes_ratio",-0.0885909216832227,0.271434464015691
"cancer_ratio","lymphocytes_ratio",-0.980508951572293,0
"stromal_ratio","lymphocytes_ratio",-0.0305410872052848,0.705075170044947
"Kcross.Cancer2lympho","lymphocyte.dens",-0.0551973627701895,0.493727524011627
"Kcross.lympho2Cancer","lymphocyte.dens",-0.0402675375669407,0.617709659213461
"Kcross.Cancer2Stromal","lymphocyte.dens",-0.00941476725467569,0.907139581541547
"Kcross.Stromal2Cancer","lymphocyte.dens",0.00622909766609954,0.938483190146304
"Kcross.Lympho2Stromal","lymphocyte.dens",-0.0787644348514911,0.328383574782519
"Kcross.Stromal2Lympho","lymphocyte.dens",-0.0554370114553671,0.491850731378026
"cancer_ratio","lymphocyte.dens",-0.79738699561014,0
"stromal_ratio","lymphocyte.dens",-0.229763067485737,0.00390960592352307
"lymphocytes_ratio","lymphocyte.dens",0.854070074218567,0
"Kcross.Cancer2lympho","cancer.dens",-0.0324355002370176,0.687708394653791
"Kcross.lympho2Cancer","cancer.dens",-0.0387239704896294,0.631261196073816
"Kcross.Cancer2Stromal","cancer.dens",-0.0565336691213407,0.483310916927223
"Kcross.Stromal2Cancer","cancer.dens",-0.0665484647454839,0.409132767592923
"Kcross.Lympho2Stromal","cancer.dens",0.154526316752778,0.0540923755194425
"Kcross.Stromal2Lympho","cancer.dens",0.154062533317165,0.0548269442072047
"cancer_ratio","cancer.dens",0.587552229481437,8.88178419700125e-16
"stromal_ratio","cancer.dens",-0.427951406884759,2.51018286157034e-08
"lymphocytes_ratio","cancer.dens",-0.510314456761974,1.00897068477934e-11
"lymphocyte.dens","cancer.dens",-0.132664514824891,0.098747010522479
"Kcross.Cancer2lympho","stroma.dens",-0.104571209165492,0.193890881299412
"Kcross.lympho2Cancer","stroma.dens",-0.099982364771583,0.21429180731773
"Kcross.Cancer2Stromal","stroma.dens",-0.178983947884395,0.0253770509966922
"Kcross.Stromal2Cancer","stroma.dens",-0.185385947508293,0.0205054184915083
"Kcross.Lympho2Stromal","stroma.dens",-0.335043488152073,1.90909439701237e-05
"Kcross.Stromal2Lympho","stroma.dens",-0.348658959349278,8.17661270513526e-06
"cancer_ratio","stroma.dens",-0.356413968841661,4.9548962723911e-06
"stromal_ratio","stroma.dens",0.786224622035405,0
"lymphocytes_ratio","stroma.dens",0.204628825973671,0.0103941944565178
"lymphocyte.dens","stroma.dens",0.196319387109624,0.0140391813942831
"cancer.dens","stroma.dens",-0.14979467617991,0.0619808306120451
"Kcross.Cancer2lympho","cancer.to.lympho.avgCount",-0.129363844406528,0.10750053912861
"Kcross.lympho2Cancer","cancer.to.lympho.avgCount",-0.131534298817232,0.101678635803518
"Kcross.Cancer2Stromal","cancer.to.lympho.avgCount",-0.176970444824758,0.0271011793357032
"Kcross.Stromal2Cancer","cancer.to.lympho.avgCount",-0.18702802350793,0.0193945071146988
"Kcross.Lympho2Stromal","cancer.to.lympho.avgCount",0.00545689808784535,0.946096902304793
"Kcross.Stromal2Lympho","cancer.to.lympho.avgCount",0.0050386589284996,0.9502227257175
"cancer_ratio","cancer.to.lympho.avgCount",0.549063414978761,1.15907283770866e-13
"stromal_ratio","cancer.to.lympho.avgCount",-0.360779811669941,3.71558178580145e-06
"lymphocytes_ratio","cancer.to.lympho.avgCount",-0.484683600029037,1.44172007665588e-10
"lymphocyte.dens","cancer.to.lympho.avgCount",-0.123568183353371,0.124330136853154
"cancer.dens","cancer.to.lympho.avgCount",0.948310637437699,0
"stroma.dens","cancer.to.lympho.avgCount",-0.0901168910779739,0.263231742015411
"Kcross.Cancer2lympho","lympho.to.cancer.avgCount",-0.0912341359501301,0.257334584304617
"Kcross.lympho2Cancer","lympho.to.cancer.avgCount",-0.0813370607956095,0.312781515164896
"Kcross.Cancer2Stromal","lympho.to.cancer.avgCount",-0.0550038953831982,0.495245415382873
"Kcross.Stromal2Cancer","lympho.to.cancer.avgCount",-0.0454223125877781,0.573399122032204
"Kcross.Lympho2Stromal","lympho.to.cancer.avgCount",-0.11454138630125,0.1545025986331
"Kcross.Stromal2Lympho","lympho.to.cancer.avgCount",-0.0983457488400077,0.221926136428059
"cancer_ratio","lympho.to.cancer.avgCount",-0.780578597730883,0
"stromal_ratio","lympho.to.cancer.avgCount",-0.204796617473273,0.010330112135958
"lymphocytes_ratio","lympho.to.cancer.avgCount",0.832057215393796,0
"lymphocyte.dens","lympho.to.cancer.avgCount",0.973529776860846,0
"cancer.dens","lympho.to.cancer.avgCount",-0.0942296141174242,0.241973807625043
"stroma.dens","lympho.to.cancer.avgCount",0.237371334638533,0.00284797657694558
"cancer.to.lympho.avgCount","lympho.to.cancer.avgCount",-0.042108761335805,0.601712114171455
"Kcross.Cancer2lympho","cancer.to.stroma.avgCount",-0.116743024405973,0.14667949644519
"Kcross.lympho2Cancer","cancer.to.stroma.avgCount",-0.119176612762266,0.138385423239705
"Kcross.Cancer2Stromal","cancer.to.stroma.avgCount",-0.160067523249959,0.0459281430929193
"Kcross.Stromal2Cancer","cancer.to.stroma.avgCount",-0.170718300198956,0.0331064564336989
"Kcross.Lympho2Stromal","cancer.to.stroma.avgCount",0.0263344163904749,0.744176172003988
"Kcross.Stromal2Lympho","cancer.to.stroma.avgCount",0.0249458147936194,0.757233738237614
"cancer_ratio","cancer.to.stroma.avgCount",0.541029663448039,3.06643599401468e-13
"stromal_ratio","cancer.to.stroma.avgCount",-0.375529085219208,1.36104965431372e-06
"lymphocytes_ratio","cancer.to.stroma.avgCount",-0.473601164512976,4.26006563358783e-10
"lymphocyte.dens","cancer.to.stroma.avgCount",-0.105019262006609,0.191977319433954
"cancer.dens","cancer.to.stroma.avgCount",0.952475310420578,0
"stroma.dens","cancer.to.stroma.avgCount",-0.0927564645774425,0.249446357148164
"cancer.to.lympho.avgCount","cancer.to.stroma.avgCount",0.992185071359959,0
"lympho.to.cancer.avgCount","cancer.to.stroma.avgCount",-0.02757031056685,0.732615384764118
"Kcross.Cancer2lympho","stroma.to.cancer.avgCount",-0.150633242559057,0.0605178352352895
"Kcross.lympho2Cancer","stroma.to.cancer.avgCount",-0.145843794798232,0.0692685174230117
"Kcross.Cancer2Stromal","stroma.to.cancer.avgCount",-0.227631427923824,0.00426499772904609
"Kcross.Stromal2Cancer","stroma.to.cancer.avgCount",-0.23450755928734,0.00321241112040926
"Kcross.Lympho2Stromal","stroma.to.cancer.avgCount",-0.369487242872652,2.06608437780531e-06
"Kcross.Stromal2Lympho","stroma.to.cancer.avgCount",-0.381595681079028,8.87458607934377e-07
"cancer_ratio","stroma.to.cancer.avgCount",-0.321788362145413,4.19797768564933e-05
"stromal_ratio","stroma.to.cancer.avgCount",0.746034261961219,0
"lymphocytes_ratio","stroma.to.cancer.avgCount",0.177537887467889,0.0266054422320221
"lymphocyte.dens","stroma.to.cancer.avgCount",0.186354183321621,0.0198439163002759
"cancer.dens","stroma.to.cancer.avgCount",-0.111910579843639,0.164257455833879
"stroma.dens","stroma.to.cancer.avgCount",0.969869941841751,0
"cancer.to.lympho.avgCount","stroma.to.cancer.avgCount",-0.00139418335313269,0.986218581813183
"lympho.to.cancer.avgCount","stroma.to.cancer.avgCount",0.259764806034293,0.00105748007374551
"cancer.to.stroma.avgCount","stroma.to.cancer.avgCount",0.000703549490343578,0.99304520056306
"Kcross.Cancer2lympho","stroma.to.lympho.avgCount",-0.178474407850491,0.0258042292452627
"Kcross.lympho2Cancer","stroma.to.lympho.avgCount",-0.173332900308823,0.0304702800992378
"Kcross.Cancer2Stromal","stroma.to.lympho.avgCount",-0.255726210938481,0.00127263769547503
"Kcross.Stromal2Cancer","stroma.to.lympho.avgCount",-0.261718370526622,0.000965850844925065
"Kcross.Lympho2Stromal","stroma.to.lympho.avgCount",-0.378232991490476,1.12605021973522e-06
"Kcross.Stromal2Lympho","stroma.to.lympho.avgCount",-0.387246928908582,5.91211119393975e-07
"cancer_ratio","stroma.to.lympho.avgCount",-0.298795270800661,0.000151337469181057
"stromal_ratio","stroma.to.lympho.avgCount",0.744072408658533,0
"lymphocytes_ratio","stroma.to.lympho.avgCount",0.154621338334943,0.0539428828504867
"lymphocyte.dens","stroma.to.lympho.avgCount",0.159799165458916,0.0462983678770219
"cancer.dens","stroma.to.lympho.avgCount",-0.102120721870302,0.204602156654436
"stroma.dens","stroma.to.lympho.avgCount",0.956768941048336,0
"cancer.to.lympho.avgCount","stroma.to.lympho.avgCount",0.00701834312234534,0.930707165138053
"lympho.to.cancer.avgCount","stroma.to.lympho.avgCount",0.231365271478379,0.00366026382120466
"cancer.to.stroma.avgCount","stroma.to.lympho.avgCount",0.00534379285293002,0.947212520197829
"stroma.to.cancer.avgCount","stroma.to.lympho.avgCount",0.98215111925763,0
"Kcross.Cancer2lympho","lympho.to.stroma.avgCount",-0.0988324445586736,0.219635964006158
"Kcross.lympho2Cancer","lympho.to.stroma.avgCount",-0.08909708151898,0.26869464585829
"Kcross.Cancer2Stromal","lympho.to.stroma.avgCount",-0.0619787993217614,0.442113897926382
"Kcross.Stromal2Cancer","lympho.to.stroma.avgCount",-0.0519806504827265,0.51928205572305
"Kcross.Lympho2Stromal","lympho.to.stroma.avgCount",-0.105393110856891,0.190391225152086
"Kcross.Stromal2Lympho","lympho.to.stroma.avgCount",-0.0881071724567009,0.274070625229927
"cancer_ratio","lympho.to.stroma.avgCount",-0.771026800785065,0
"stromal_ratio","lympho.to.stroma.avgCount",-0.220126455398599,0.00575859599289297
"lymphocytes_ratio","lympho.to.stroma.avgCount",0.825429350385531,0
"lymphocyte.dens","lympho.to.stroma.avgCount",0.967986437047406,0
"cancer.dens","lympho.to.stroma.avgCount",-0.089637533219633,0.265790033374508
"stroma.dens","lympho.to.stroma.avgCount",0.220422758651877,0.00569174980277287
"cancer.to.lympho.avgCount","lympho.to.stroma.avgCount",-0.0435140458144638,0.589628257297593
"lympho.to.cancer.avgCount","lympho.to.stroma.avgCount",0.989900494950616,0
"cancer.to.stroma.avgCount","lympho.to.stroma.avgCount",-0.0233406346955101,0.772413600310082
"stroma.to.cancer.avgCount","lympho.to.stroma.avgCount",0.244295346956799,0.00211624945684541
"stroma.to.lympho.avgCount","lympho.to.stroma.avgCount",0.233841090289003,0.00330304153717087
"Kcross.Cancer2lympho","ShannonH",-0.0104936344183597,0.896554612595291
"Kcross.lympho2Cancer","ShannonH",-0.0136601596095338,0.865599171817034
"Kcross.Cancer2Stromal","ShannonH",-0.0555047562721343,0.491320880527389
"Kcross.Stromal2Cancer","ShannonH",-0.0656447701661836,0.415537534938357
"Kcross.Lympho2Stromal","ShannonH",-0.324895131880746,3.50144736587232e-05
"Kcross.Stromal2Lympho","ShannonH",-0.351631382920144,6.75880639144921e-06
"cancer_ratio","ShannonH",-0.470845548341561,5.54404522290497e-10
"stromal_ratio","ShannonH",0.655593361465179,0
"lymphocytes_ratio","ShannonH",0.346653673489085,9.28743629491358e-06
"lymphocyte.dens","ShannonH",0.0639786213123185,0.427498582782417
"cancer.dens","ShannonH",-0.366649020850871,2.50638076026988e-06
"stroma.dens","ShannonH",0.615914448107181,0
"cancer.to.lympho.avgCount","ShannonH",-0.303612619380285,0.000116690500193251
"lympho.to.cancer.avgCount","ShannonH",0.121782596610964,0.129905728665614
"cancer.to.stroma.avgCount","ShannonH",-0.309931976662445,8.23981440605248e-05
"stroma.to.cancer.avgCount","ShannonH",0.583439128104003,1.33226762955019e-15
"stroma.to.lympho.avgCount","ShannonH",0.574997158170414,3.99680288865056e-15
"lympho.to.stroma.avgCount","ShannonH",0.110826959919118,0.168406395234708
"Kcross.Cancer2lympho","DoC_TL_max",0.110894485057393,0.168145602300478
"Kcross.lympho2Cancer","DoC_TL_max",0.112439836972226,0.1622589788002
"Kcross.Cancer2Stromal","DoC_TL_max",0.107587169499214,0.181274948386581
"Kcross.Stromal2Cancer","DoC_TL_max",0.11205850198646,0.163697061652628
"Kcross.Lympho2Stromal","DoC_TL_max",-0.0702498387633616,0.383513520845383
"Kcross.Stromal2Lympho","DoC_TL_max",-0.0767466788806885,0.340964228676682
"cancer_ratio","DoC_TL_max",-0.139071686217326,0.0833699042861444
"stromal_ratio","DoC_TL_max",0.121748495241332,0.130014052090999
"lymphocytes_ratio","DoC_TL_max",0.116714265755928,0.146779713328829
"lymphocyte.dens","DoC_TL_max",0.144311102840046,0.0722770118645966
"cancer.dens","DoC_TL_max",0.0932332226623377,0.247010724872259
"stroma.dens","DoC_TL_max",0.206805297574303,0.00958956924772192
"cancer.to.lympho.avgCount","DoC_TL_max",0.0789151276458923,0.327456126923763
"lympho.to.cancer.avgCount","DoC_TL_max",0.133721561510262,0.09606603503051
"cancer.to.stroma.avgCount","DoC_TL_max",0.0809016662958843,0.315387470743793
"stroma.to.cancer.avgCount","DoC_TL_max",0.1927134158422,0.0159407410582464
"stroma.to.lympho.avgCount","DoC_TL_max",0.17427997793884,0.0295604912116643
"lympho.to.stroma.avgCount","DoC_TL_max",0.120078862032946,0.13540303194456
"ShannonH","DoC_TL_max",0.172365763374129,0.0314238083095004
"Kcross.Cancer2lympho","DoC_SL_max",0.040259923745345,0.617776193543927
"Kcross.lympho2Cancer","DoC_SL_max",0.0380742037731669,0.637003001474776
"Kcross.Cancer2Stromal","DoC_SL_max",0.0133450426907474,0.868671365410173
"Kcross.Stromal2Cancer","DoC_SL_max",0.0153412788650739,0.849244366211575
"Kcross.Lympho2Stromal","DoC_SL_max",0.123207323653196,0.125441773586397
"Kcross.Stromal2Lympho","DoC_SL_max",0.124749847030892,0.120743202406875
"cancer_ratio","DoC_SL_max",-0.282945227120325,0.000344935111864064
"stromal_ratio","DoC_SL_max",-0.00744566271087264,0.926499691863182
"lymphocytes_ratio","DoC_SL_max",0.288297260872532,0.000262572508126446
"lymphocyte.dens","DoC_SL_max",0.286817916379881,0.000283292777364164
"cancer.dens","DoC_SL_max",0.00709797364291507,0.929922958342665
"stroma.dens","DoC_SL_max",0.150158965501126,0.061341755709351
"cancer.to.lympho.avgCount","DoC_SL_max",0.0144591374241545,0.857818747532625
"lympho.to.cancer.avgCount","DoC_SL_max",0.316031930158996,5.84484940731045e-05
"cancer.to.stroma.avgCount","DoC_SL_max",0.0213282741424976,0.791565959554871
"stroma.to.cancer.avgCount","DoC_SL_max",0.14741682082135,0.0662875634159563
"stroma.to.lympho.avgCount","DoC_SL_max",0.14748459030392,0.0661615263197475
"lympho.to.stroma.avgCount","DoC_SL_max",0.314002714259285,6.55763613210958e-05
"ShannonH","DoC_SL_max",0.174745480934821,0.0291218631392529
"DoC_TL_max","DoC_SL_max",0.099626570852846,0.215935313689792
"Kcross.Cancer2lympho","DoC_TL_min",0.0259497427417724,0.747786302728139
"Kcross.lympho2Cancer","DoC_TL_min",0.0195483167075227,0.808611328802091
"Kcross.Cancer2Stromal","DoC_TL_min",0.0192718536159423,0.81126712547076
"Kcross.Stromal2Cancer","DoC_TL_min",0.0162711973381219,0.840224694355282
"Kcross.Lympho2Stromal","DoC_TL_min",-0.0344164707532032,0.669721098240703
"Kcross.Stromal2Lympho","DoC_TL_min",-0.0426495123817082,0.597049175361277
"cancer_ratio","DoC_TL_min",0.27347445147426,0.000551695910151917
"stromal_ratio","DoC_TL_min",0.374844047059377,1.42761620303133e-06
"lymphocytes_ratio","DoC_TL_min",-0.351902444621191,6.64180886178478e-06
"lymphocyte.dens","DoC_TL_min",-0.545198139419345,1.85629289717326e-13
"cancer.dens","DoC_TL_min",-0.362523125876256,3.30821183558427e-06
"stroma.dens","DoC_TL_min",-0.109305219477457,0.174363597685897
"cancer.to.lympho.avgCount","DoC_TL_min",-0.375590858940102,1.35519448396515e-06
"lympho.to.cancer.avgCount","DoC_TL_min",-0.573457624877064,5.10702591327572e-15
"cancer.to.stroma.avgCount","DoC_TL_min",-0.388843809004805,5.26374789533435e-07
"stroma.to.cancer.avgCount","DoC_TL_min",-0.149012722690759,0.0633710475869731
"stroma.to.lympho.avgCount","DoC_TL_min",-0.142437878131134,0.0760968818171488
"lympho.to.stroma.avgCount","DoC_TL_min",-0.579708785052838,2.22044604925031e-15
"ShannonH","DoC_TL_min",0.0106764388814434,0.894762836383476
"DoC_TL_max","DoC_TL_min",-0.127899016195003,0.111575257698069
"DoC_SL_max","DoC_TL_min",-0.294543754490497,0.000189656806235838
"Kcross.Cancer2lympho","DoC_SL_min",0.0593354746816222,0.461859635384807
"Kcross.lympho2Cancer","DoC_SL_min",0.0484371524559345,0.548195121510199
"Kcross.Cancer2Stromal","DoC_SL_min",0.0455735331761402,0.572122065137534
"Kcross.Stromal2Cancer","DoC_SL_min",0.0437825448987489,0.587332134001134
"Kcross.Lympho2Stromal","DoC_SL_min",0.238836705667941,0.00267634105051417
"Kcross.Stromal2Lympho","DoC_SL_min",0.248799162423234,0.00173674639363641
"cancer_ratio","DoC_SL_min",0.646445024278955,0
"stromal_ratio","DoC_SL_min",-0.131472277855537,0.101841474580185
"lymphocytes_ratio","DoC_SL_min",-0.629086970041379,0
"lymphocyte.dens","DoC_SL_min",-0.621494725632228,0
"cancer.dens","DoC_SL_min",0.0738044940814917,0.359848583853033
"stroma.dens","DoC_SL_min",-0.471024743251099,5.45026468401488e-10
"cancer.to.lympho.avgCount","DoC_SL_min",0.0107684995508887,0.893860695212961
"lympho.to.cancer.avgCount","DoC_SL_min",-0.645648000665947,0
"cancer.to.stroma.avgCount","DoC_SL_min",0.000660716069575208,0.993468612209591
"stroma.to.cancer.avgCount","DoC_SL_min",-0.475361386669123,3.59583696152299e-10
"stroma.to.lympho.avgCount","DoC_SL_min",-0.470493735989472,5.73271652370977e-10
"lympho.to.stroma.avgCount","DoC_SL_min",-0.641484140039429,0
"ShannonH","DoC_SL_min",-0.475600435676701,3.51374485063616e-10
"DoC_TL_max","DoC_SL_min",-0.190759714147991,0.0170617991330273
"DoC_SL_max","DoC_SL_min",-0.341040645995828,1.3205219092427e-05
"DoC_TL_min","DoC_SL_min",0.493331390462835,6.02344840672231e-11
"Kcross.Cancer2lympho","DoC_TL_mean",0.233464844358058,0.00335521809755024
"Kcross.lympho2Cancer","DoC_TL_mean",0.221885877126304,0.00537172335397118
"Kcross.Cancer2Stromal","DoC_TL_mean",0.202799087143008,0.0111160656052396
"Kcross.Stromal2Cancer","DoC_TL_mean",0.198688099048243,0.0129007643663761
"Kcross.Lympho2Stromal","DoC_TL_mean",0.137570242852456,0.0867888828388237
"Kcross.Stromal2Lympho","DoC_TL_mean",0.125752714190167,0.117762367697124
"cancer_ratio","DoC_TL_mean",0.367456783387855,2.37274174397228e-06
"stromal_ratio","DoC_TL_mean",0.283807911101803,0.000330215294813474
"lymphocytes_ratio","DoC_TL_mean",-0.429030436999016,2.29510073168626e-08
"lymphocyte.dens","DoC_TL_mean",-0.588795624467412,6.66133814775094e-16
"cancer.dens","DoC_TL_mean",-0.148399842842194,0.0644784196003654
"stroma.dens","DoC_TL_mean",-0.106725242918491,0.184817207453959
"cancer.to.lympho.avgCount","DoC_TL_mean",-0.201788567922127,0.0115333451715571
"lympho.to.cancer.avgCount","DoC_TL_mean",-0.632299579171984,0
"cancer.to.stroma.avgCount","DoC_TL_mean",-0.225434737922607,0.00466133089458909
"stroma.to.cancer.avgCount","DoC_TL_mean",-0.148419264628563,0.0644430866049084
"stroma.to.lympho.avgCount","DoC_TL_mean",-0.153540032042431,0.055664361012854
"lympho.to.stroma.avgCount","DoC_TL_mean",-0.656012727311557,0
"ShannonH","DoC_TL_mean",-0.043032307789063,0.593758173544848
"DoC_TL_max","DoC_TL_mean",0.172404930852383,0.0313847052208267
"DoC_SL_max","DoC_TL_mean",-0.254538457583485,0.00134313581126166
"DoC_TL_min","DoC_TL_mean",0.58473914548965,1.11022302462516e-15
"DoC_SL_min","DoC_TL_mean",0.454359464181956,2.55559973183495e-09
"Kcross.Cancer2lympho","DoC_SL_mean",0.14039268634584,0.0804519328644187
"Kcross.lympho2Cancer","DoC_SL_mean",0.13541779880045,0.0918847910115943
"Kcross.Cancer2Stromal","DoC_SL_mean",0.147491507506433,0.0661486727704963
"Kcross.Stromal2Cancer","DoC_SL_mean",0.143259463365197,0.0744018979417214
"Kcross.Lympho2Stromal","DoC_SL_mean",0.244192022871312,0.00212577800470992
"Kcross.Stromal2Lympho","DoC_SL_mean",0.23056907811139,0.00378232294744607
"cancer_ratio","DoC_SL_mean",0.0711788190134911,0.377239610522893
"stromal_ratio","DoC_SL_mean",0.0389220831185009,0.629514884105425
"lymphocytes_ratio","DoC_SL_mean",-0.0799073483634989,0.321391536329125
"lymphocyte.dens","DoC_SL_mean",-0.0939162384461634,0.243550197118935
"cancer.dens","DoC_SL_mean",0.047508998642156,0.555896435816406
"stroma.dens","DoC_SL_mean",0.0139108381558002,0.863156645369725
"cancer.to.lympho.avgCount","DoC_SL_mean",0.0121389170527489,0.88044809657704
"lympho.to.cancer.avgCount","DoC_SL_mean",-0.0842882580979549,0.295488962251552
"cancer.to.stroma.avgCount","DoC_SL_mean",0.0213963265176422,0.790916169815371
"stroma.to.cancer.avgCount","DoC_SL_mean",-0.0212644512788777,0.792175494673334
"stroma.to.lympho.avgCount","DoC_SL_mean",-0.0372249379501319,0.644540340939796
"lympho.to.stroma.avgCount","DoC_SL_mean",-0.0944521812205499,0.240858543366159
"ShannonH","DoC_SL_mean",0.0633214397786748,0.432270457844473
"DoC_TL_max","DoC_SL_mean",0.0477022836842831,0.554288360344445
"DoC_SL_max","DoC_SL_mean",0.44694020929649,4.95277907575087e-09
"DoC_TL_min","DoC_SL_mean",-0.00429773873855042,0.957534891717972
"DoC_SL_min","DoC_SL_mean",0.110640981740058,0.169126226971481
"DoC_TL_mean","DoC_SL_mean",-0.0391117382348599,0.627845042202517
"Kcross.Cancer2lympho","DoC_TL_Std",0.147327327207987,0.0664543028977518
"Kcross.lympho2Cancer","DoC_TL_Std",0.137633545318896,0.0866425062261533
"Kcross.Cancer2Stromal","DoC_TL_Std",0.11816071626011,0.141803172455971
"Kcross.Stromal2Cancer","DoC_TL_Std",0.112224337110981,0.163070503073492
"Kcross.Lympho2Stromal","DoC_TL_Std",0.258579416767326,0.0011168929894585
"Kcross.Stromal2Lympho","DoC_TL_Std",0.249348882090416,0.00169494143931526
"cancer_ratio","DoC_TL_Std",0.586693241150075,8.88178419700125e-16
"stromal_ratio","DoC_TL_Std",-0.0660447079738371,0.412695846486224
"lymphocytes_ratio","DoC_TL_Std",-0.581554931458935,1.77635683940025e-15
"lymphocyte.dens","DoC_TL_Std",-0.432337094182468,1.74073475633918e-08
"cancer.dens","DoC_TL_Std",0.478727146747158,2.5933921676824e-10
"stroma.dens","DoC_TL_Std",-0.103089894362585,0.200315983047607
"cancer.to.lympho.avgCount","DoC_TL_Std",0.415016825736177,7.17138570749398e-08
"lympho.to.cancer.avgCount","DoC_TL_Std",-0.436887728312688,1.18407252891473e-08
"cancer.to.stroma.avgCount","DoC_TL_Std",0.399573470127467,2.37334149888468e-07
"stroma.to.cancer.avgCount","DoC_TL_Std",-0.116718164975147,0.146766122462421
"stroma.to.lympho.avgCount","DoC_TL_Std",-0.116937646125712,0.146002648898108
"lympho.to.stroma.avgCount","DoC_TL_Std",-0.452074262900138,3.13859316314336e-09
"ShannonH","DoC_TL_Std",-0.253174788287425,0.00142846314092715
"DoC_TL_max","DoC_TL_Std",0.291314476917146,0.000224600911932882
"DoC_SL_max","DoC_TL_Std",-0.0977539364090685,0.224733695976417
"DoC_TL_min","DoC_TL_Std",0.0282685156562838,0.726110510106717
"DoC_SL_min","DoC_TL_Std",0.310215616803041,8.11061957115555e-05
"DoC_TL_mean","DoC_TL_Std",0.42518546309894,3.15362653768858e-08
"DoC_SL_mean","DoC_TL_Std",0.150158492345012,0.0613425822520473
"Kcross.Cancer2lympho","DoC_SL_Std",0.105694979060617,0.189117506045028
"Kcross.lympho2Cancer","DoC_SL_Std",0.103672516479003,0.197770777320447
"Kcross.Cancer2Stromal","DoC_SL_Std",0.100053117518056,0.213966049238955
"Kcross.Stromal2Cancer","DoC_SL_Std",0.100194176873538,0.213317643093173
"Kcross.Lympho2Stromal","DoC_SL_Std",0.189651799574656,0.0177274852480322
"Kcross.Stromal2Lympho","DoC_SL_Std",0.174848768490835,0.0290252941503133
"cancer_ratio","DoC_SL_Std",-0.0125560259152347,0.876372306429812
"stromal_ratio","DoC_SL_Std",0.367237755826471,2.40829324038572e-06
"lymphocytes_ratio","DoC_SL_Std",-0.0604457459792546,0.453507067435317
"lymphocyte.dens","DoC_SL_Std",-0.0117708037910602,0.884047735477694
"cancer.dens","DoC_SL_Std",0.00508875271890088,0.949728491329654
"stroma.dens","DoC_SL_Std",0.445202654425968,5.7697686628444e-09
"cancer.to.lympho.avgCount","DoC_SL_Std",-0.0152286683953317,0.850337974880806
"lympho.to.cancer.avgCount","DoC_SL_Std",0.00306586099347109,0.969699872332782
"cancer.to.stroma.avgCount","DoC_SL_Std",0.00579777180957329,0.942735322845414
"stroma.to.cancer.avgCount","DoC_SL_Std",0.419116282902118,5.16630256353068e-08
"stroma.to.lympho.avgCount","DoC_SL_Std",0.412249789017721,8.92620308778902e-08
"lympho.to.stroma.avgCount","DoC_SL_Std",0.00369223027279544,0.96351333115373
"ShannonH","DoC_SL_Std",0.144064346652181,0.0727711226090688
"DoC_TL_max","DoC_SL_Std",0.136827787245418,0.08852048824966
"DoC_SL_max","DoC_SL_Std",0.485109550040975,1.38184130804575e-10
"DoC_TL_min","DoC_SL_Std",-0.0219510945925932,0.78562443958617
"DoC_SL_min","DoC_SL_Std",-0.0929562050468901,0.248423920021441
"DoC_TL_mean","DoC_SL_Std",-0.0700845823342332,0.3846361790096
"DoC_SL_mean","DoC_SL_Std",0.667170706138953,0
"DoC_TL_Std","DoC_SL_Std",0.225436512183309,0.00466099788069152
"Kcross.Cancer2lympho","DoC_LT_max",0.142867030832627,0.075207661570329
"Kcross.lympho2Cancer","DoC_LT_max",0.139479717735349,0.0824596760691627
"Kcross.Cancer2Stromal","DoC_LT_max",0.0976164646136779,0.225389443458818
"Kcross.Stromal2Cancer","DoC_LT_max",0.0933195852524465,0.246571291632101
"Kcross.Lympho2Stromal","DoC_LT_max",0.0640196586611914,0.427201616887732
"Kcross.Stromal2Lympho","DoC_LT_max",0.0529517678802316,0.511496608473117
"cancer_ratio","DoC_LT_max",-0.19057594731554,0.0171706889178194
"stromal_ratio","DoC_LT_max",0.162818101679298,0.0422738524549091
"lymphocytes_ratio","DoC_LT_max",0.160739432334532,0.045012000031956
"lymphocyte.dens","DoC_LT_max",0.182401048696056,0.0226659110414
"cancer.dens","DoC_LT_max",0.0425609673488956,0.597811590922589
"stroma.dens","DoC_LT_max",0.229105642628067,0.00401626302014391
"cancer.to.lympho.avgCount","DoC_LT_max",0.0256677129277997,0.750436618784041
"lympho.to.cancer.avgCount","DoC_LT_max",0.183607964885737,0.0217698234274319
"cancer.to.stroma.avgCount","DoC_LT_max",0.0232928944117356,0.772866425820415
"stroma.to.cancer.avgCount","DoC_LT_max",0.203702003360052,0.0107545128838784
"stroma.to.lympho.avgCount","DoC_LT_max",0.18157832754483,0.0232947847830631
"lympho.to.stroma.avgCount","DoC_LT_max",0.170092265097304,0.0337655833573605
"ShannonH","DoC_LT_max",0.196145694649345,0.0141260124786582
"DoC_TL_max","DoC_LT_max",0.684472854020396,0
"DoC_SL_max","DoC_LT_max",0.188036929014437,0.0187380999895481
"DoC_TL_min","DoC_LT_max",-0.150930122446002,0.0600067290744453
"DoC_SL_min","DoC_LT_max",-0.227057991981914,0.00436542803904105
"DoC_TL_mean","DoC_LT_max",0.174408055145877,0.0294392508323664
"DoC_SL_mean","DoC_LT_max",0.103649609591634,0.197870402297971
"DoC_TL_Std","DoC_LT_max",0.257826830150946,0.00115618333209411
"DoC_SL_Std","DoC_LT_max",0.146782081842968,0.067477578865315
"Kcross.Cancer2lympho","DoC_ST_max",0.0543501929595144,0.500392388133006
"Kcross.lympho2Cancer","DoC_ST_max",0.0586196576525046,0.467289497068023
"Kcross.Cancer2Stromal","DoC_ST_max",0.0504951350138093,0.531307540382486
"Kcross.Stromal2Cancer","DoC_ST_max",0.058866336752075,0.465414354548281
"Kcross.Lympho2Stromal","DoC_ST_max",0.0936757840243602,0.244764601665593
"Kcross.Stromal2Lympho","DoC_ST_max",0.101377398380097,0.20793398162129
"cancer_ratio","DoC_ST_max",0.0824867444844752,0.305968030961164
"stromal_ratio","DoC_ST_max",-0.034527861329065,0.668715098146507
"lymphocytes_ratio","DoC_ST_max",-0.0767347121375202,0.341039740984696
"lymphocyte.dens","DoC_ST_max",0.0288309788500801,0.720884446750854
"cancer.dens","DoC_ST_max",0.206067377011836,0.00985598738232651
"stroma.dens","DoC_ST_max",0.00926164632289421,0.908643248136034
"cancer.to.lympho.avgCount","DoC_ST_max",0.193727096120758,0.0153847646350587
"lympho.to.cancer.avgCount","DoC_ST_max",0.0188262433964545,0.81555232406652
"cancer.to.stroma.avgCount","DoC_ST_max",0.17928672497369,0.0251260960264594
"stroma.to.cancer.avgCount","DoC_ST_max",0.0170374688683047,0.832807828898511
"stroma.to.lympho.avgCount","DoC_ST_max",0.0409367018821069,0.611874264063047
"lympho.to.stroma.avgCount","DoC_ST_max",0.0171586776248346,0.831635960807575
"ShannonH","DoC_ST_max",-0.0908736573669612,0.259227296429212
"DoC_TL_max","DoC_ST_max",0.358532597819172,4.31123738642292e-06
"DoC_SL_max","DoC_ST_max",0.0911757575768459,0.257640457003188
"DoC_TL_min","DoC_ST_max",-0.0468413244040384,0.561468572775579
"DoC_SL_min","DoC_ST_max",-0.030347019180461,0.706863071048244
"DoC_TL_mean","DoC_ST_max",0.150015926008302,0.0615920434894113
"DoC_SL_mean","DoC_ST_max",0.112714725514581,0.161228194641458
"DoC_TL_Std","DoC_ST_max",0.313890564918056,6.59931349014098e-05
"DoC_SL_Std","DoC_ST_max",0.134544118718825,0.0940199691962642
"DoC_LT_max","DoC_ST_max",0.376439689757917,1.27712892394882e-06
"Kcross.Cancer2lympho","DoC_LT_min",0.0568867186036116,0.480578734429252
"Kcross.lympho2Cancer","DoC_LT_min",0.051508402092945,0.523089841846979
"Kcross.Cancer2Stromal","DoC_LT_min",0.0655169845234041,0.416447900385291
"Kcross.Stromal2Cancer","DoC_LT_min",0.0644846426279482,0.423845094189593
"Kcross.Lympho2Stromal","DoC_LT_min",-0.0530628382544147,0.510610018922896
"Kcross.Stromal2Lympho","DoC_LT_min",-0.0586777034662614,0.466847886337889
"cancer_ratio","DoC_LT_min",0.246709100713707,0.00190440203773834
"stromal_ratio","DoC_LT_min",0.380939222971753,9.29878807287565e-07
"lymphocytes_ratio","DoC_LT_min",-0.325985640663386,3.28387355335025e-05
"lymphocyte.dens","DoC_LT_min",-0.51677001053788,4.98312502372755e-12
"cancer.dens","DoC_LT_min",-0.37621299603242,1.29754768374291e-06
"stroma.dens","DoC_LT_min",-0.0985909224239813,0.220770350916205
"cancer.to.lympho.avgCount","DoC_LT_min",-0.398604838400964,2.55324976716764e-07
"lympho.to.cancer.avgCount","DoC_LT_min",-0.556688370575153,4.48530101948563e-14
"cancer.to.stroma.avgCount","DoC_LT_min",-0.40829106029151,1.21671707598026e-07
"stroma.to.cancer.avgCount","DoC_LT_min",-0.145533586982579,0.0698690549526821
"stroma.to.lympho.avgCount","DoC_LT_min",-0.140472113034639,0.0802791382072661
"lympho.to.stroma.avgCount","DoC_LT_min",-0.559052263064226,3.33066907387547e-14
"ShannonH","DoC_LT_min",0.0535472442537209,0.506752697617947
"DoC_TL_max","DoC_LT_min",-0.0522049151037268,0.517478762670206
"DoC_SL_max","DoC_LT_min",-0.242080955646498,0.00232918798586113
"DoC_TL_min","DoC_LT_min",0.782744825791006,0
"DoC_SL_min","DoC_LT_min",0.478084055583038,2.76125122766757e-10
"DoC_TL_mean","DoC_LT_min",0.553812443009757,6.43929354282591e-14
"DoC_SL_mean","DoC_LT_min",0.0105383478766711,0.896116300544282
"DoC_TL_Std","DoC_LT_min",0.0106536304387162,0.894986366775191
"DoC_SL_Std","DoC_LT_min",0.00637227853333968,0.937072050477883
"DoC_LT_max","DoC_LT_min",-0.0970625682753356,0.228045262127373
"DoC_ST_max","DoC_LT_min",-0.0674362598778299,0.402897685303986
"Kcross.Cancer2lympho","DoC_ST_min",0.1457377658889,0.069473306924785
"Kcross.lympho2Cancer","DoC_ST_min",0.141479020684502,0.0781143655682475
"Kcross.Cancer2Stromal","DoC_ST_min",0.231216983154324,0.00368272454609464
"Kcross.Stromal2Cancer","DoC_ST_min",0.236897264909581,0.00290559720836869
"Kcross.Lympho2Stromal","DoC_ST_min",0.19510809008107,0.0146545637127429
"Kcross.Stromal2Lympho","DoC_ST_min",0.198792354650008,0.012852572380476
"cancer_ratio","DoC_ST_min",-0.367884731005418,2.30471400897159e-06
"stromal_ratio","DoC_ST_min",0.0872700164581369,0.278673463422318
"lymphocytes_ratio","DoC_ST_min",0.355525628356985,5.25103929360782e-06
"lymphocyte.dens","DoC_ST_min",0.103242916811244,0.199645217593136
"cancer.dens","DoC_ST_min",-0.615318109688717,0
"stroma.dens","DoC_ST_min",-0.146917954846234,0.0672213892139839
"cancer.to.lympho.avgCount","DoC_ST_min",-0.653311368752698,0
"lympho.to.cancer.avgCount","DoC_ST_min",0.0333452741346146,0.679425119691905
"cancer.to.stroma.avgCount","DoC_ST_min",-0.655999280180351,0
"stroma.to.cancer.avgCount","DoC_ST_min",-0.218366391052876,0.00617031291634906
"stroma.to.lympho.avgCount","DoC_ST_min",-0.219823272195785,0.00582771903249935
"lympho.to.stroma.avgCount","DoC_ST_min",0.0255748790680694,0.751309645651399
"ShannonH","DoC_ST_min",-0.00918592703408762,0.909386941094945
"DoC_TL_max","DoC_ST_min",-0.125869960989955,0.117417639889654
"DoC_SL_max","DoC_ST_min",-0.173471984054236,0.030335198558292
"DoC_TL_min","DoC_ST_min",0.371894070681896,1.75135356395018e-06
"DoC_SL_min","DoC_ST_min",0.0550298402667681,0.495041715832698
"DoC_TL_mean","DoC_ST_min",0.271818241920934,0.000597897407212278
"DoC_SL_mean","DoC_ST_min",-0.0814514331212318,0.312099300965328
"DoC_TL_Std","DoC_ST_min",-0.278634988151794,0.00042801732382225
"DoC_SL_Std","DoC_ST_min",-0.136683184358727,0.0888609276375174
"DoC_LT_max","DoC_ST_min",-0.0916860389454136,0.254975285857068
"DoC_ST_max","DoC_ST_min",-0.107518500418006,0.181555314918831
"DoC_LT_min","DoC_ST_min",0.312954512709391,6.95698225006147e-05
"Kcross.Cancer2lympho","DoC_LT_mean",0.177294371291762,0.0268172280253312
"Kcross.lympho2Cancer","DoC_LT_mean",0.166908794363706,0.037291735082472
"Kcross.Cancer2Stromal","DoC_LT_mean",0.149060694765311,0.0632850307721644
"Kcross.Stromal2Cancer","DoC_LT_mean",0.144412412386035,0.0720749364002655
"Kcross.Lympho2Stromal","DoC_LT_mean",0.115690695274118,0.150380472834555
"Kcross.Stromal2Lympho","DoC_LT_mean",0.109820097236477,0.1723307955888
"cancer_ratio","DoC_LT_mean",0.314983243095614,6.20361051280049e-05
"stromal_ratio","DoC_LT_mean",0.315220239908422,6.1207720372547e-05
"lymphocytes_ratio","DoC_LT_mean",-0.382098491881264,8.56221629375042e-07
"lymphocyte.dens","DoC_LT_mean",-0.598049055625141,2.22044604925031e-16
"cancer.dens","DoC_LT_mean",-0.208570903932981,0.00897776244118154
"stroma.dens","DoC_LT_mean",-0.102414112183985,0.203297722626544
"cancer.to.lympho.avgCount","DoC_LT_mean",-0.24319946560187,0.0022193159885
"lympho.to.cancer.avgCount","DoC_LT_mean",-0.639207903205525,0
"cancer.to.stroma.avgCount","DoC_LT_mean",-0.272581843456415,0.000576170092441375
"stroma.to.cancer.avgCount","DoC_LT_mean",-0.152695909950884,0.0570395167174602
"stroma.to.lympho.avgCount","DoC_LT_mean",-0.147542771129765,0.0660534781653794
"lympho.to.stroma.avgCount","DoC_LT_mean",-0.661433234777975,0
"ShannonH","DoC_LT_mean",0.0109239284817776,0.892337890939364
"DoC_TL_max","DoC_LT_mean",0.076627769197843,0.341715040976498
"DoC_SL_max","DoC_LT_mean",-0.259123097656121,0.00108927370985334
"DoC_TL_min","DoC_LT_mean",0.589127655298104,4.44089209850063e-16
"DoC_SL_min","DoC_LT_mean",0.396504604487311,2.98918579666463e-07
"DoC_TL_mean","DoC_LT_mean",0.925291411139481,0
"DoC_SL_mean","DoC_LT_mean",-0.0689427142843202,0.392447636308971
"DoC_TL_Std","DoC_LT_mean",0.368582287681843,2.19778702925666e-06
"DoC_SL_Std","DoC_LT_mean",-0.0940605235267481,0.242823507291341
"DoC_LT_max","DoC_LT_mean",0.100251386610531,0.213055068342533
"DoC_ST_max","DoC_LT_mean",0.0624370278152566,0.438740243705911
"DoC_LT_min","DoC_LT_mean",0.558403703553566,3.59712259978551e-14
"DoC_ST_min","DoC_LT_mean",0.330407351418149,2.52535662057518e-05
"Kcross.Cancer2lympho","DoC_ST_mean",0.249486678696107,0.00168460699920514
"Kcross.lympho2Cancer","DoC_ST_mean",0.250038093309591,0.001643823991333
"Kcross.Cancer2Stromal","DoC_ST_mean",0.333822997328671,2.05589793440542e-05
"Kcross.Stromal2Cancer","DoC_ST_mean",0.338749834847102,1.52154683681349e-05
"Kcross.Lympho2Stromal","DoC_ST_mean",0.175793513871544,0.0281545976255351
"Kcross.Stromal2Lympho","DoC_ST_mean",0.163405384044422,0.0415260224516598
"cancer_ratio","DoC_ST_mean",-0.133328473427386,0.0970562021202295
"stromal_ratio","DoC_ST_mean",0.0771725846028555,0.338283592256205
"lymphocytes_ratio","DoC_ST_mean",0.11977444075331,0.136403752593902
"lymphocyte.dens","DoC_ST_mean",0.0602429835415167,0.455026119491232
"cancer.dens","DoC_ST_mean",-0.19851079351661,0.0129830871753875
"stroma.dens","DoC_ST_mean",-0.0368961836157173,0.647467873399956
"cancer.to.lympho.avgCount","DoC_ST_mean",-0.236187523898979,0.00299383325826463
"lympho.to.cancer.avgCount","DoC_ST_mean",0.0065187134230502,0.935629042773615
"cancer.to.stroma.avgCount","DoC_ST_mean",-0.228465976013305,0.00412254237179988
"stroma.to.cancer.avgCount","DoC_ST_mean",-0.0844434446168425,0.294597540463442
"stroma.to.lympho.avgCount","DoC_ST_mean",-0.096733019126743,0.22963581736742
"lympho.to.stroma.avgCount","DoC_ST_mean",-0.00255257959216756,0.974770827014951
"ShannonH","DoC_ST_mean",0.0571409182976006,0.478616703505023
"DoC_TL_max","DoC_ST_mean",0.176445345469102,0.027566935768244
"DoC_SL_max","DoC_ST_mean",-0.0208066745610701,0.796551120513029
"DoC_TL_min","DoC_ST_mean",0.255191333406155,0.00130395536535688
"DoC_SL_min","DoC_ST_mean",0.0234265705504561,0.771598676143396
"DoC_TL_mean","DoC_ST_mean",0.296693986315266,0.000169271127536508
"DoC_SL_mean","DoC_ST_mean",0.181523333972299,0.0233373505684706
"DoC_TL_Std","DoC_ST_mean",0.00904704293243228,0.910751224513668
"DoC_SL_Std","DoC_ST_mean",0.0942489923539613,0.241876562229193
"DoC_LT_max","DoC_ST_mean",0.0856265813955916,0.287860083001517
"DoC_ST_max","DoC_ST_mean",0.147496534387989,0.0661393330949531
"DoC_LT_min","DoC_ST_mean",0.2318993367187,0.00358038920415504
"DoC_ST_min","DoC_ST_mean",0.392876852536231,3.91468144123053e-07
"DoC_LT_mean","DoC_ST_mean",0.301726573834528,0.000129263486458919
"Kcross.Cancer2lympho","DoC_LT_Std",0.126700245210745,0.114998844907655
"Kcross.lympho2Cancer","DoC_LT_Std",0.131838394758878,0.100883187193654
"Kcross.Cancer2Stromal","DoC_LT_Std",0.141988633657428,0.0770368114779458
"Kcross.Stromal2Cancer","DoC_LT_Std",0.152293803111992,0.057704360720491
"Kcross.Lympho2Stromal","DoC_LT_Std",-0.04718760611139,0.558575309179294
"Kcross.Stromal2Lympho","DoC_LT_Std",-0.0394412625354033,0.624948190730317
"cancer_ratio","DoC_LT_Std",-0.711541196628772,0
"stromal_ratio","DoC_LT_Std",0.0428123578449019,0.595648141952827
"lymphocytes_ratio","DoC_LT_Std",0.712738951098605,0
"lymphocyte.dens","DoC_LT_Std",0.61682883020299,0
"cancer.dens","DoC_LT_Std",-0.218244958183568,0.00619966352679713
"stroma.dens","DoC_LT_Std",0.24495116132763,0.00205666914714575
"cancer.to.lympho.avgCount","DoC_LT_Std",-0.228261217841618,0.00415709257282604
"lympho.to.cancer.avgCount","DoC_LT_Std",0.584975992974993,1.11022302462516e-15
"cancer.to.stroma.avgCount","DoC_LT_Std",-0.232330452995207,0.00351706055921563
"stroma.to.cancer.avgCount","DoC_LT_Std",0.201092134733463,0.0118288809236256
"stroma.to.lympho.avgCount","DoC_LT_Std",0.167590981720188,0.0365110560233939
"lympho.to.stroma.avgCount","DoC_LT_Std",0.556520882895687,4.57411886145564e-14
"ShannonH","DoC_LT_Std",0.419191691672172,5.13502027565949e-08
"DoC_TL_max","DoC_LT_Std",0.421547584986476,4.24434420942532e-08
"DoC_SL_max","DoC_LT_Std",0.206287732159172,0.00977575488954674
"DoC_TL_min","DoC_LT_Std",-0.363369480497932,3.12609046937418e-06
"DoC_SL_min","DoC_LT_Std",-0.570850713979146,7.105427357601e-15
"DoC_TL_mean","DoC_LT_Std",-0.0413976432034892,0.6078687703727
"DoC_SL_mean","DoC_LT_Std",-0.114891175498995,0.153239141306159
"DoC_TL_Std","DoC_LT_Std",-0.0124933888739818,0.876984161505393
"DoC_SL_Std","DoC_LT_Std",-0.0612323929894663,0.447640577639878
"DoC_LT_max","DoC_LT_Std",0.462988280726895,1.16018972207144e-09
"DoC_ST_max","DoC_LT_Std",0.164432429677482,0.0402448722442772
"DoC_LT_min","DoC_LT_Std",-0.357768695680342,4.53358472363163e-06
"DoC_ST_min","DoC_LT_Std",0.176121160650201,0.0278578833460306
"DoC_LT_mean","DoC_LT_Std",-0.0381422220987651,0.636400922528789
"DoC_ST_mean","DoC_LT_Std",0.155077165897266,0.0532304927901883
"Kcross.Cancer2lympho","DoC_ST_Std",0.101312748316743,0.208225595849722
"Kcross.lympho2Cancer","DoC_ST_Std",0.103764879092668,0.19736944919652
"Kcross.Cancer2Stromal","DoC_ST_Std",0.0875603788040964,0.277071134594502
"Kcross.Stromal2Cancer","DoC_ST_Std",0.0866685046144311,0.282012660316058
"Kcross.Lympho2Stromal","DoC_ST_Std",-0.156491050430012,0.0510701477463538
"Kcross.Stromal2Lympho","DoC_ST_Std",-0.171514024559214,0.0322844381418412
"cancer_ratio","DoC_ST_Std",-0.47175357788903,5.08438624535756e-10
"stromal_ratio","DoC_ST_Std",0.598783270701105,0
"lymphocytes_ratio","DoC_ST_Std",0.358893731954355,4.20976196857659e-06
"lymphocyte.dens","DoC_ST_Std",0.270088090699373,0.000649949035861797
"cancer.dens","DoC_ST_Std",-0.315462330087799,6.03722474545876e-05
"stroma.dens","DoC_ST_Std",0.658141739399077,0
"cancer.to.lympho.avgCount","DoC_ST_Std",-0.294758447686353,0.000187523134548728
"lympho.to.cancer.avgCount","DoC_ST_Std",0.261767920118904,0.000963624475858849
"cancer.to.stroma.avgCount","DoC_ST_Std",-0.291803935395814,0.000218945301499573
"stroma.to.cancer.avgCount","DoC_ST_Std",0.604614624096544,0
"stroma.to.lympho.avgCount","DoC_ST_Std",0.577598918114744,2.88657986402541e-15
"lympho.to.stroma.avgCount","DoC_ST_Std",0.233640929903042,0.00333070730980856
"ShannonH","DoC_ST_Std",0.545389294142646,1.81410442223751e-13
"DoC_TL_max","DoC_ST_Std",0.430573078468129,2.01811687361442e-08
"DoC_SL_max","DoC_ST_Std",0.136638884348775,0.0889654321811084
"DoC_TL_min","DoC_ST_Std",0.0272895643063367,0.7352363773633
"DoC_SL_min","DoC_ST_Std",-0.421979919656539,4.09788247779375e-08
"DoC_TL_mean","DoC_ST_Std",0.149363711489843,0.0627439087797548
"DoC_SL_mean","DoC_ST_Std",0.0918404052927878,0.254172792541944
"DoC_TL_Std","DoC_ST_Std",0.0431725382401956,0.592554632827849
"DoC_SL_Std","DoC_ST_Std",0.365434345093493,2.72088388797442e-06
"DoC_LT_max","DoC_ST_Std",0.432889456469691,1.66169005222372e-08
"DoC_ST_max","DoC_ST_Std",0.285564458819941,0.000302025822214169
"DoC_LT_min","DoC_ST_Std",-0.00210534231321485,0.979190130442753
"DoC_ST_min","DoC_ST_Std",0.15689789734422,0.0504621501596811
"DoC_LT_mean","DoC_ST_Std",0.122536137598667,0.12752975898212
"DoC_ST_mean","DoC_ST_Std",0.399882231332469,2.31858907406846e-07
"DoC_LT_Std","DoC_ST_Std",0.595242202619996,2.22044604925031e-16
"Kcross.Cancer2lympho","DoC_TS_max",0.0465590414884216,0.563832409042093
"Kcross.lympho2Cancer","DoC_TS_max",0.0450714120987255,0.576367619081591
"Kcross.Cancer2Stromal","DoC_TS_max",0.0508443083964874,0.528468405061961
"Kcross.Stromal2Cancer","DoC_TS_max",0.0536049117329982,0.506294504306051
"Kcross.Lympho2Stromal","DoC_TS_max",0.0581400252900222,0.470947288148153
"Kcross.Stromal2Lympho","DoC_TS_max",0.0635326337945264,0.43073363133342
"cancer_ratio","DoC_TS_max",0.00315460065011657,0.9688232877345
"stromal_ratio","DoC_TS_max",0.0901213991093135,0.263207763191936
"lymphocytes_ratio","DoC_TS_max",-0.0211547424515671,0.793223553798045
"lymphocyte.dens","DoC_TS_max",-0.0136723035245471,0.865480816143682
"cancer.dens","DoC_TS_max",0.0263313445690345,0.74420497887763
"stroma.dens","DoC_TS_max",0.0966263058922179,0.230152535397708
"cancer.to.lympho.avgCount","DoC_TS_max",0.0210065648777259,0.794639695560169
"lympho.to.cancer.avgCount","DoC_TS_max",-0.0191639802521506,0.812303978382067
"cancer.to.stroma.avgCount","DoC_TS_max",0.00361605522639402,0.96426559014219
"stroma.to.cancer.avgCount","DoC_TS_max",0.0956973084296644,0.234685453639986
"stroma.to.lympho.avgCount","DoC_TS_max",0.0991716635678639,0.218049716613163
"lympho.to.stroma.avgCount","DoC_TS_max",-0.0329166491263955,0.683322948710761
"ShannonH","DoC_TS_max",0.0353031051132874,0.661730040142243
"DoC_TL_max","DoC_TS_max",0.268358008330073,0.000706142974985724
"DoC_SL_max","DoC_TS_max",0.0375678914720957,0.641492172556043
"DoC_TL_min","DoC_TS_max",0.00481840411759744,0.952396021939067
"DoC_SL_min","DoC_TS_max",-0.00254043679775272,0.974890804570104
"DoC_TL_mean","DoC_TS_max",0.216097813293278,0.00673959993482276
"DoC_SL_mean","DoC_TS_max",0.079574217044923,0.323419530203658
"DoC_TL_Std","DoC_TS_max",0.254268118310056,0.00135967199616571
"DoC_SL_Std","DoC_TS_max",0.10683907865267,0.184346491430591
"DoC_LT_max","DoC_TS_max",0.287473002907151,0.000273937000391022
"DoC_ST_max","DoC_TS_max",0.655509576744716,0
"DoC_LT_min","DoC_TS_max",-0.0396139778633356,0.62343213333896
"DoC_ST_min","DoC_TS_max",0.0893776212854434,0.267184225326347
"DoC_LT_mean","DoC_TS_max",0.153875439334515,0.0551255976006706
"DoC_ST_mean","DoC_TS_max",0.195350416968067,0.0145296023113106
"DoC_LT_Std","DoC_TS_max",0.215890565927275,0.00679386802901294
"DoC_ST_Std","DoC_TS_max",0.337666734980577,1.62634505658232e-05
"Kcross.Cancer2lympho","DoC_LS_max",0.0904810234345496,0.261299681415123
"Kcross.lympho2Cancer","DoC_LS_max",0.0863817243097276,0.283614096749971
"Kcross.Cancer2Stromal","DoC_LS_max",0.0802014667634979,0.319607890560995
"Kcross.Stromal2Cancer","DoC_LS_max",0.079937406597691,0.321208957033948
"Kcross.Lympho2Stromal","DoC_LS_max",0.11609904631159,0.14893604414123
"Kcross.Stromal2Lympho","DoC_LS_max",0.108561538744016,0.17733096396308
"cancer_ratio","DoC_LS_max",-0.23910916566,0.00264548033951195
"stromal_ratio","DoC_LS_max",-0.0363989926171701,0.651905586734409
"lymphocytes_ratio","DoC_LS_max",0.249630922804583,0.0016738505264029
"lymphocyte.dens","DoC_LS_max",0.251757094903507,0.0015223916019107
"cancer.dens","DoC_LS_max",0.0538757438440878,0.504145514527821
"stroma.dens","DoC_LS_max",0.12939913703837,0.10740382494833
"cancer.to.lympho.avgCount","DoC_LS_max",0.0466565582757093,0.56301526719866
"lympho.to.cancer.avgCount","DoC_LS_max",0.275058003987561,0.000510622391193039
"cancer.to.stroma.avgCount","DoC_LS_max",0.0608719023106736,0.450323651401404
"stroma.to.cancer.avgCount","DoC_LS_max",0.133400926354541,0.0968730922824277
"stroma.to.lympho.avgCount","DoC_LS_max",0.142117833981599,0.0767655378934342
"lympho.to.stroma.avgCount","DoC_LS_max",0.285080332337599,0.000309563780028999
"ShannonH","DoC_LS_max",0.174781837987689,0.0290878398313072
"DoC_TL_max","DoC_LS_max",0.158091499695538,0.0487129802246007
"DoC_SL_max","DoC_LS_max",0.837897233794143,0
"DoC_TL_min","DoC_LS_max",-0.303949980123781,0.000114565653130727
"DoC_SL_min","DoC_LS_max",-0.333492383391005,2.09745995003452e-05
"DoC_TL_mean","DoC_LS_max",-0.248384574145182,0.00176889356410959
"DoC_SL_mean","DoC_LS_max",0.444480128651765,6.14642425844636e-09
"DoC_TL_Std","DoC_LS_max",-0.107073308643367,0.183380705181873
"DoC_SL_Std","DoC_LS_max",0.425772620171084,3.00501343808435e-08
"DoC_LT_max","DoC_LS_max",0.162658032801032,0.0424796255289039
"DoC_ST_max","DoC_LS_max",0.0445264261923701,0.580992191794607
"DoC_LT_min","DoC_LS_max",-0.263182359651007,0.000902021544471276
"DoC_ST_min","DoC_LS_max",-0.180079071479337,0.0244794100575207
"DoC_LT_mean","DoC_LS_max",-0.273449877093007,0.000552356669707432
"DoC_ST_mean","DoC_LS_max",-0.0384760923267296,0.633449051400203
"DoC_LT_Std","DoC_LS_max",0.17117208339191,0.0326355317867761
"DoC_ST_Std","DoC_LS_max",0.0864966126868229,0.282971807269927
"DoC_TS_max","DoC_LS_max",0.058667703420209,0.466923950024588
"Kcross.Cancer2lympho","DoC_TS_min",0.170952129017428,0.0328630805684385
"Kcross.lympho2Cancer","DoC_TS_min",0.172858005000346,0.0309353724559944
"Kcross.Cancer2Stromal","DoC_TS_min",0.277757929078551,0.000447041848474328
"Kcross.Stromal2Cancer","DoC_TS_min",0.290859230555637,0.000229982805256546
"Kcross.Lympho2Stromal","DoC_TS_min",0.180571459030284,0.0240847779431668
"Kcross.Stromal2Lympho","DoC_TS_min",0.195988906807923,0.0142047953432183
"cancer_ratio","DoC_TS_min",-0.302357125450116,0.000124925763901995
"stromal_ratio","DoC_TS_min",-0.0340266514140975,0.673246279980821
"lymphocytes_ratio","DoC_TS_min",0.313270917780925,6.83409911559352e-05
"lymphocyte.dens","DoC_TS_min",0.0999256018501476,0.214553409704434
"cancer.dens","DoC_TS_min",-0.512761846390424,7.73558994637824e-12
"stroma.dens","DoC_TS_min",-0.236393949113419,0.00296792380104627
"cancer.to.lympho.avgCount","DoC_TS_min",-0.582238471723909,1.55431223447522e-15
"lympho.to.cancer.avgCount","DoC_TS_min",-0.0109719931729251,0.891867059730364
"cancer.to.stroma.avgCount","DoC_TS_min",-0.583713920409323,1.33226762955019e-15
"stroma.to.cancer.avgCount","DoC_TS_min",-0.317417670272349,5.40056540709877e-05
"stroma.to.lympho.avgCount","DoC_TS_min",-0.309100581054456,8.62968880246395e-05
"lympho.to.stroma.avgCount","DoC_TS_min",-0.014200052230721,0.860340251650729
"ShannonH","DoC_TS_min",-0.0938556284218311,0.243855909505271
"DoC_TL_max","DoC_TS_min",-0.053439045294172,0.507612967610762
"DoC_SL_max","DoC_TS_min",-0.162624340177957,0.0425230450472474
"DoC_TL_min","DoC_TS_min",0.276025753388537,0.000486930570639643
"DoC_SL_min","DoC_TS_min",0.0710605665599475,0.378034735305976
"DoC_TL_mean","DoC_TS_min",0.266039251158142,0.000788475590314697
"DoC_SL_mean","DoC_TS_min",-0.0276151788076857,0.732196788694605
"DoC_TL_Std","DoC_TS_min",-0.202003309379733,0.0114435366525687
"DoC_SL_Std","DoC_TS_min",-0.18541479212267,0.0204854399195908
"DoC_LT_max","DoC_TS_min",-0.0603670084318199,0.454096615233642
"DoC_ST_max","DoC_TS_min",-0.0774159143756568,0.336758114527673
"DoC_LT_min","DoC_TS_min",0.258056979106963,0.00114403570892563
"DoC_ST_min","DoC_TS_min",0.771996227651984,0
"DoC_LT_mean","DoC_TS_min",0.332974907332511,2.16410623536945e-05
"DoC_ST_mean","DoC_TS_min",0.381495977648294,8.93780404354061e-07
"DoC_LT_Std","DoC_TS_min",0.18721065731048,0.0192742291684647
"DoC_ST_Std","DoC_TS_min",0.0739693053866199,0.358773857590924
"DoC_TS_max","DoC_TS_min",0.0508069471205232,0.528771824383837
"DoC_LS_max","DoC_TS_min",-0.12823055015001,0.110642622826466
"Kcross.Cancer2lympho","DoC_LS_min",0.1474958701747,0.0661405671058262
"Kcross.lympho2Cancer","DoC_LS_min",0.133481618154122,0.0966694825129499
"Kcross.Cancer2Stromal","DoC_LS_min",0.139007108308307,0.0835146991872757
"Kcross.Stromal2Cancer","DoC_LS_min",0.131205377973379,0.102544579070327
"Kcross.Lympho2Stromal","DoC_LS_min",0.363172919618172,3.16751794438019e-06
"Kcross.Stromal2Lympho","DoC_LS_min",0.361162633181923,3.62224068117811e-06
"cancer_ratio","DoC_LS_min",0.639150226347374,0
"stromal_ratio","DoC_LS_min",-0.125049170589082,0.119847461499447
"lymphocytes_ratio","DoC_LS_min",-0.622972263858399,0
"lymphocyte.dens","DoC_LS_min",-0.595974830715602,2.22044604925031e-16
"cancer.dens","DoC_LS_min",0.12500260928237,0.119986459086124
"stroma.dens","DoC_LS_min",-0.436103528973544,1.26588415305662e-08
"cancer.to.lympho.avgCount","DoC_LS_min",0.0277492243094898,0.730946688054418
"lympho.to.cancer.avgCount","DoC_LS_min",-0.627990668267465,0
"cancer.to.stroma.avgCount","DoC_LS_min",0.0227143731370985,0.778359853027577
"stroma.to.cancer.avgCount","DoC_LS_min",-0.455515461671249,2.3019590678075e-09
"stroma.to.lympho.avgCount","DoC_LS_min",-0.452691161170329,2.96967228585743e-09
"lympho.to.stroma.avgCount","DoC_LS_min",-0.623953155118191,0
"ShannonH","DoC_LS_min",-0.464743190227943,9.85378667550663e-10
"DoC_TL_max","DoC_LS_min",-0.194648921553102,0.0148939192054534
"DoC_SL_max","DoC_LS_min",-0.249293178313119,0.00169913546347567
"DoC_TL_min","DoC_LS_min",0.474875539465999,3.76843445337727e-10
"DoC_SL_min","DoC_LS_min",0.843378277916046,0
"DoC_TL_mean","DoC_LS_min",0.458214353072794,1.80074888334048e-09
"DoC_SL_mean","DoC_LS_min",0.249073287933019,0.0017157838126256
"DoC_TL_Std","DoC_LS_min",0.336220409614982,1.77694010550233e-05
"DoC_SL_Std","DoC_LS_min",0.0241983085881873,0.764291613697923
"DoC_LT_max","DoC_LS_min",-0.163636035891396,0.0412353656890567
"DoC_ST_max","DoC_LS_min",-0.00382023865744211,0.962249270028067
"DoC_LT_min","DoC_LS_min",0.465664833172145,9.04051944417006e-10
"DoC_ST_min","DoC_LS_min",0.0748355163701454,0.353158245424075
"DoC_LT_mean","DoC_LS_min",0.40595834665403,1.45763273895483e-07
"DoC_ST_mean","DoC_LS_min",0.038962860800052,0.62915569328547
"DoC_LT_Std","DoC_LS_min",-0.549177953100842,1.14130926931466e-13
"DoC_ST_Std","DoC_LS_min",-0.386634718490684,6.1803440187802e-07
"DoC_TS_max","DoC_LS_min",0.00840526559006518,0.917058840887738
"DoC_LS_max","DoC_LS_min",-0.230171439271118,0.00384464335237533
"DoC_TS_min","DoC_LS_min",0.106232056646879,0.186866730394542
"Kcross.Cancer2lympho","DoC_TS_mean",0.401570313953357,2.03996756598102e-07
"Kcross.lympho2Cancer","DoC_TS_mean",0.393602918035784,3.70990558717921e-07
"Kcross.Cancer2Stromal","DoC_TS_mean",0.50569336057398,1.65678581964812e-11
"Kcross.Stromal2Cancer","DoC_TS_mean",0.509141746548124,1.14508402759839e-11
"Kcross.Lympho2Stromal","DoC_TS_mean",0.444119416528518,6.34321928316695e-09
"Kcross.Stromal2Lympho","DoC_TS_mean",0.425751700197011,3.01019085213738e-08
"cancer_ratio","DoC_TS_mean",0.146186984605796,0.0686090276200919
"stromal_ratio","DoC_TS_mean",-0.284701287309139,0.000315586930673462
"lymphocytes_ratio","DoC_TS_mean",-0.0914579173269051,0.256164396671034
"lymphocyte.dens","DoC_TS_mean",-0.106057010536654,0.187598148064551
"cancer.dens","DoC_TS_mean",0.0175476559115399,0.827877763495235
"stroma.dens","DoC_TS_mean",-0.414217735626456,7.64089933547041e-08
"cancer.to.lympho.avgCount","DoC_TS_mean",-0.117244082432754,0.144941738460068
"lympho.to.cancer.avgCount","DoC_TS_mean",-0.187833228944161,0.0188690573418253
"cancer.to.stroma.avgCount","DoC_TS_mean",-0.108177047206372,0.178879654590865
"stroma.to.cancer.avgCount","DoC_TS_mean",-0.478539391017472,2.64135158190015e-10
"stroma.to.lympho.avgCount","DoC_TS_mean",-0.474654173165458,3.84970277877983e-10
"lympho.to.stroma.avgCount","DoC_TS_mean",-0.183038172926298,0.0221889939004365
"ShannonH","DoC_TS_mean",-0.262220813417396,0.000943492033316451
"DoC_TL_max","DoC_TS_mean",0.158613433449136,0.0479641080831767
"DoC_SL_max","DoC_TS_mean",-0.067370432487638,0.40335805360152
"DoC_TL_min","DoC_TS_mean",0.196814954753161,0.0137939998380616
"DoC_SL_min","DoC_TS_mean",0.287923152469857,0.000267675184434824
"DoC_TL_mean","DoC_TS_mean",0.415173646373426,7.08255074588493e-08
"DoC_SL_mean","DoC_TS_mean",0.174425889539099,0.0294224020915532
"DoC_TL_Std","DoC_TS_mean",0.283188001998753,0.000340732396374221
"DoC_SL_Std","DoC_TS_mean",-0.0429893239658141,0.594127307835452
"DoC_LT_max","DoC_TS_mean",0.0834896391556091,0.300104648881578
"DoC_ST_max","DoC_TS_mean",0.206258648072619,0.00978631143870801
"DoC_LT_min","DoC_TS_mean",0.151561364701326,0.0589317636562632
"DoC_ST_min","DoC_TS_mean",0.348912443900834,8.04550330490983e-06
"DoC_LT_mean","DoC_TS_mean",0.348628132015791,8.19269469420902e-06
"DoC_ST_mean","DoC_TS_mean",0.70255139551368,0
"DoC_LT_Std","DoC_TS_mean",0.0884050482135863,0.272445328121671
"DoC_ST_Std","DoC_TS_mean",0.0595733956482553,0.46006262986509
"DoC_TS_max","DoC_TS_mean",0.230198833824103,0.00384032046448235
"DoC_LS_max","DoC_TS_mean",-0.037178982825938,0.644949241155085
"DoC_TS_min","DoC_TS_mean",0.425869208934627,2.98121975994547e-08
"DoC_LS_min","DoC_TS_mean",0.301440866302889,0.000131274855059704
"Kcross.Cancer2lympho","DoC_LS_mean",0.111525795930108,0.165721887847296
"Kcross.lympho2Cancer","DoC_LS_mean",0.10731830080875,0.182374521156115
"Kcross.Cancer2Stromal","DoC_LS_mean",0.190804734971726,0.0170352140264647
"Kcross.Stromal2Cancer","DoC_LS_mean",0.19930742494142,0.0126167893807092
"Kcross.Lympho2Stromal","DoC_LS_mean",0.40238487788355,1.91727183240786e-07
"Kcross.Stromal2Lympho","DoC_LS_mean",0.420512654311475,4.61564180209706e-08
"cancer_ratio","DoC_LS_mean",0.0586575701493487,0.467001034006985
"stromal_ratio","DoC_LS_mean",-0.451112346798902,3.42061179381403e-09
"lymphocytes_ratio","DoC_LS_mean",0.0304262091955338,0.706133318844457
"lymphocyte.dens","DoC_LS_mean",0.00671583748109875,0.93368686221642
"cancer.dens","DoC_LS_mean",0.118439196745291,0.140859964725566
"stroma.dens","DoC_LS_mean",-0.507480065205812,1.36890498936282e-11
"cancer.to.lympho.avgCount","DoC_LS_mean",0.0247211041287367,0.759353356362839
"lympho.to.cancer.avgCount","DoC_LS_mean",-0.0307599498899089,0.703060775893005
"cancer.to.stroma.avgCount","DoC_LS_mean",0.0402985637242574,0.617438565381675
"stroma.to.cancer.avgCount","DoC_LS_mean",-0.525686876204174,1.83475457049553e-12
"stroma.to.lympho.avgCount","DoC_LS_mean",-0.533804304447234,7.20090653771877e-13
"lympho.to.stroma.avgCount","DoC_LS_mean",-0.022248442138407,0.782792165427387
"ShannonH","DoC_LS_mean",-0.176566035750753,0.0274592842676973
"DoC_TL_max","DoC_LS_mean",-0.00279052068160686,0.972419954274281
"DoC_SL_max","DoC_LS_mean",0.269027514896629,0.000683887041410092
"DoC_TL_min","DoC_LS_mean",-0.0766628233628349,0.341493595283818
"DoC_SL_min","DoC_LS_mean",0.178176941957177,0.0260564483268799
"DoC_TL_mean","DoC_LS_mean",-0.0280083216634127,0.72853236808381
"DoC_SL_mean","DoC_LS_mean",0.573463707909697,5.10702591327572e-15
"DoC_TL_Std","DoC_LS_mean",0.0923510478905046,0.251530560132114
"DoC_SL_Std","DoC_LS_mean",0.118065652479558,0.142126249062362
"DoC_LT_max","DoC_LS_mean",0.0546531968685734,0.498003178318531
"DoC_ST_max","DoC_LS_mean",0.0805096308035896,0.317745959304871
"DoC_LT_min","DoC_LS_mean",-0.0909556721191382,0.258795836754961
"DoC_ST_min","DoC_LS_mean",0.0146833020492701,0.85563825966426
"DoC_LT_mean","DoC_LS_mean",-0.0470892274207041,0.55939655588558
"DoC_ST_mean","DoC_LS_mean",0.0802725482594882,0.319177789351501
"DoC_LT_Std","DoC_LS_mean",0.0370819338561121,0.645813114308759
"DoC_ST_Std","DoC_LS_mean",-0.310641392904811,7.92023795719299e-05
"DoC_TS_max","DoC_LS_mean",0.0436445256873239,0.588511920884143
"DoC_LS_max","DoC_LS_mean",0.309009047791752,8.67365138552678e-05
"DoC_TS_min","DoC_LS_mean",0.144783641169445,0.0713383830906618
"DoC_LS_min","DoC_LS_mean",0.284813230456863,0.000313796908773645
"DoC_TS_mean","DoC_LS_mean",0.392779549103616,3.9429314946382e-07
"Kcross.Cancer2lympho","DoC_TS_Std",0.00941564597667898,0.907130953327955
"Kcross.lympho2Cancer","DoC_TS_Std",-9.72616876707142e-05,0.999038526983494
"Kcross.Cancer2Stromal","DoC_TS_Std",0.0481205334649606,0.550816378326821
"Kcross.Stromal2Cancer","DoC_TS_Std",0.0441576662025889,0.584131090779924
"Kcross.Lympho2Stromal","DoC_TS_Std",0.242071463649421,0.00233014113419738
"Kcross.Stromal2Lympho","DoC_TS_Std",0.248234815255699,0.00178063839652332
"cancer_ratio","DoC_TS_Std",0.542776825176465,2.48689957516035e-13
"stromal_ratio","DoC_TS_Std",-0.522076686387175,2.75912626079844e-12
"lymphocytes_ratio","DoC_TS_Std",-0.446172078985211,5.29917887348574e-09
"lymphocyte.dens","DoC_TS_Std",-0.303676419220105,0.000116285860073395
"cancer.dens","DoC_TS_Std",0.468101113815812,7.19063919518703e-10
"stroma.dens","DoC_TS_Std",-0.55681188870481,4.41868763800812e-14
"cancer.to.lympho.avgCount","DoC_TS_Std",0.375363736336667,1.37684087953005e-06
"lympho.to.cancer.avgCount","DoC_TS_Std",-0.319797317313662,4.7107003082747e-05
"cancer.to.stroma.avgCount","DoC_TS_Std",0.379760199180958,1.01096493865249e-06
"stroma.to.cancer.avgCount","DoC_TS_Std",-0.542318122614739,2.62900812231237e-13
"stroma.to.lympho.avgCount","DoC_TS_Std",-0.537408923248595,4.71622740860766e-13
"lympho.to.stroma.avgCount","DoC_TS_Std",-0.311815314308821,7.41677122042539e-05
"ShannonH","DoC_TS_Std",-0.442836900466232,7.09325864711730e-09
"DoC_TL_max","DoC_TS_Std",0.0795109462516809,0.323805633165817
"DoC_SL_max","DoC_TS_Std",-0.071856634516141,0.372701732233349
"DoC_TL_min","DoC_TS_Std",-0.0211274998920409,0.793483862034154
"DoC_SL_min","DoC_TS_Std",0.328614524903451,2.81049747377082e-05
"DoC_TL_mean","DoC_TS_Std",0.152918808459385,0.0566737026068638
"DoC_SL_mean","DoC_TS_Std",0.00154824871555849,0.984695830767581
"DoC_TL_Std","DoC_TS_Std",0.532281981524895,8.59756710269721e-13
"DoC_SL_Std","DoC_TS_Std",-0.16166374139752,0.0437766880878607
"DoC_LT_max","DoC_TS_Std",0.0417963832771417,0.604413164715276
"DoC_ST_max","DoC_TS_Std",0.252694414617187,0.00145968039971667
"DoC_LT_min","DoC_TS_Std",-0.0491962400510563,0.541935675510445
"DoC_ST_min","DoC_TS_Std",-0.273408344930316,0.000553475052054164
"DoC_LT_mean","DoC_TS_Std",0.0577807164967819,0.473697680296823
"DoC_ST_mean","DoC_TS_Std",-0.169241206485933,0.03467942239195
"DoC_LT_Std","DoC_TS_Std",-0.170075445672312,0.0337834440281635
"DoC_ST_Std","DoC_TS_Std",-0.333190777218016,2.13606505741204e-05
"DoC_TS_max","DoC_TS_Std",0.148939476368868,0.0635025671652651
"DoC_LS_max","DoC_TS_Std",-0.0675706298169404,0.401958928440684
"DoC_TS_min","DoC_TS_Std",-0.228920744475529,0.00404672751914958
"DoC_LS_min","DoC_TS_Std",0.309064977344153,8.64676410425869e-05
"DoC_TS_mean","DoC_TS_Std",0.227160036229974,0.0043474024410326
"DoC_LS_mean","DoC_TS_Std",0.321342188515879,4.30809547840028e-05
"Kcross.Cancer2lympho","DoC_LS_Std",0.0266821152401979,0.740917827394971
"Kcross.lympho2Cancer","DoC_LS_Std",0.0326585185034123,0.685674383759013
"Kcross.Cancer2Stromal","DoC_LS_Std",0.0909779578348756,0.258678682211758
"Kcross.Stromal2Cancer","DoC_LS_Std",0.107096744667559,0.183284277521967
"Kcross.Lympho2Stromal","DoC_LS_Std",0.166982176892288,0.037207088115619
"Kcross.Stromal2Lympho","DoC_LS_Std",0.183086053227735,0.0221535049865627
"cancer_ratio","DoC_LS_Std",-0.480827045120884,2.11121786719559e-10
"stromal_ratio","DoC_LS_Std",-0.504306949091622,1.91981985864231e-11
"lymphocytes_ratio","DoC_LS_Std",0.587885933396949,6.66133814775094e-16
"lymphocyte.dens","DoC_LS_Std",0.615293649574271,0
"cancer.dens","DoC_LS_Std",0.0136328603389779,0.865865243823509
"stroma.dens","DoC_LS_Std",-0.252559786135368,0.00146854028680687
"cancer.to.lympho.avgCount","DoC_LS_Std",-0.0134741791195472,0.86741212553743
"lympho.to.cancer.avgCount","DoC_LS_Std",0.596202331867103,2.22044604925031e-16
"cancer.to.stroma.avgCount","DoC_LS_Std",0.0012150794840879,0.98798887054019
"stroma.to.cancer.avgCount","DoC_LS_Std",-0.263261006916371,0.000898704691530749
"stroma.to.lympho.avgCount","DoC_LS_Std",-0.277253185066546,0.000458341649786753
"lympho.to.stroma.avgCount","DoC_LS_Std",0.593347373011811,4.44089209850063e-16
"ShannonH","DoC_LS_Std",-0.0650990812702233,0.419433235597686
"DoC_TL_max","DoC_LS_Std",0.0774339272539628,0.336645363000615
"DoC_SL_max","DoC_LS_Std",0.450746702985389,3.5340934623207e-09
"DoC_TL_min","DoC_LS_Std",-0.450977018331224,3.46219697355821e-09
"DoC_SL_min","DoC_LS_Std",-0.438873617644216,9.99010163482694e-09
"DoC_TL_mean","DoC_LS_Std",-0.44447586614758,6.14871531467998e-09
"DoC_SL_mean","DoC_LS_Std",0.0713934333272541,0.375799162738686
"DoC_TL_Std","DoC_LS_Std",-0.171751434166025,0.0320425633177042
"DoC_SL_Std","DoC_LS_Std",0.0286368317474767,0.722686898595217
"DoC_LT_max","DoC_LS_Std",0.0784692037716649,0.330205476962238
"DoC_ST_max","DoC_LS_Std",0.0379698584109949,0.637927098371488
"DoC_LT_min","DoC_LS_Std",-0.444476480228873,6.14838491230785e-09
"DoC_ST_min","DoC_LS_Std",0.0475405318129636,0.555633935150308
"DoC_LT_mean","DoC_LS_Std",-0.43805692758481,1.0714717113558e-08
"DoC_ST_mean","DoC_LS_Std",-0.0435195798055737,0.589580890939853
"DoC_LT_Std","DoC_LS_Std",0.477169716304629,3.01811242664485e-10
"DoC_ST_Std","DoC_LS_Std",-0.0452412201650056,0.574930205061038
"DoC_TS_max","DoC_LS_Std",-0.0112196872011986,0.889441305178255
"DoC_LS_max","DoC_LS_Std",0.400336933343623,2.24015200167571e-07
"DoC_TS_min","DoC_LS_Std",0.0368249562734208,0.64810286183508
"DoC_LS_min","DoC_LS_Std",-0.424021519484015,3.46936390727137e-08
"DoC_TS_mean","DoC_LS_Std",0.044542217559984,0.580857949799383
"DoC_LS_mean","DoC_LS_Std",0.319274084124172,4.85488440449267e-05
"DoC_TS_Std","DoC_LS_Std",0.172817643041466,0.0309751780012217
"Kcross.Cancer2lympho","localized_TL",0.234272585084855,0.00324410497395622
"Kcross.lympho2Cancer","localized_TL",0.223953740993642,0.00494685712255971
"Kcross.Cancer2Stromal","localized_TL",0.196282436014097,0.0140576145570022
"Kcross.Stromal2Cancer","localized_TL",0.190597070655199,0.0171581417970841
"Kcross.Lympho2Stromal","localized_TL",0.230570816271868,0.0037820525394936
"Kcross.Stromal2Lympho","localized_TL",0.221898565995183,0.00536901976762616
"cancer_ratio","localized_TL",0.400880205824512,2.14976305423775e-07
"stromal_ratio","localized_TL",0.171999467145122,0.0317915098365138
"lymphocytes_ratio","localized_TL",-0.440632594888451,8.58614734866592e-09
"lymphocyte.dens","localized_TL",-0.431573203240215,1.85602910818261e-08
"cancer.dens","localized_TL",0.116461749391802,0.147661899195635
"stroma.dens","localized_TL",-0.0610641324591325,0.448891792306987
"cancer.to.lympho.avgCount","localized_TL",0.0418640036755619,0.603828012140351
"lympho.to.cancer.avgCount","localized_TL",-0.464767088890566,9.83183312541769e-10
"cancer.to.stroma.avgCount","localized_TL",0.0306145235164538,0.704399039167719
"stroma.to.cancer.avgCount","localized_TL",-0.0977597034802857,0.224706216284525
"stroma.to.lympho.avgCount","localized_TL",-0.107749962454801,0.180611558509963
"lympho.to.stroma.avgCount","localized_TL",-0.482879391915995,1.7243850791715e-10
"ShannonH","localized_TL",-0.124552117395152,0.121337758053435
"DoC_TL_max","localized_TL",0.400617554458661,2.19301800719052e-07
"DoC_SL_max","localized_TL",-0.134383871143226,0.0944158386811096
"DoC_TL_min","localized_TL",0.356863811450232,4.81104343585947e-06
"DoC_SL_min","localized_TL",0.377617842963918,1.17584517034253e-06
"DoC_TL_mean","localized_TL",0.752516767940923,0
"DoC_SL_mean","localized_TL",0.0582048228080741,0.47045221458013
"DoC_TL_Std","localized_TL",0.72858563660282,0
"DoC_SL_Std","localized_TL",0.141876811817907,0.0772722206317047
"DoC_LT_max","localized_TL",0.402553113575321,1.89282636231525e-07
"DoC_ST_max","localized_TL",0.299182585357182,0.000148231692142842
"DoC_LT_min","localized_TL",0.35119754516999,6.95013376716958e-06
"DoC_ST_min","localized_TL",0.0388100308242868,0.630502345153312
"DoC_LT_mean","localized_TL",0.645687578695016,0
"DoC_ST_mean","localized_TL",0.186997257767487,0.0194148324253329
"DoC_LT_Std","localized_TL",0.0639818075141922,0.427475521638706
"DoC_ST_Std","localized_TL",0.23750271245906,0.00283219216897179
"DoC_TS_max","localized_TL",0.279550273519305,0.000408963937057027
"DoC_LS_max","localized_TL",-0.133009343668701,0.0978660008448033
"DoC_TS_min","localized_TL",0.0180974679353008,0.822572305143974
"DoC_LS_min","localized_TL",0.356280609264067,4.99832041711556e-06
"DoC_TS_mean","localized_TL",0.378575459172568,1.09920559032695e-06
"DoC_LS_mean","localized_TL",0.0610217914233126,0.449206956857354
"DoC_TS_Std","localized_TL",0.393287524556449,3.79756757151739e-07
"DoC_LS_Std","localized_TL",-0.274540795953973,0.000523716321100043
"Kcross.Cancer2lympho","localized_SL",0.195024532329793,0.0146978691533097
"Kcross.lympho2Cancer","localized_SL",0.180916601518354,0.0238114251178181
"Kcross.Cancer2Stromal","localized_SL",0.269274659078705,0.00067583588015796
"Kcross.Stromal2Cancer","localized_SL",0.265598441916346,0.000805091957265081
"Kcross.Lympho2Stromal","localized_SL",0.42923497808409,2.25637788453525e-08
"Kcross.Stromal2Lympho","localized_SL",0.429300137780129,2.2441745795021e-08
"cancer_ratio","localized_SL",0.313893449774458,6.59823830573281e-05
"stromal_ratio","localized_SL",-0.295212834239058,0.000183080805697955
"lymphocytes_ratio","localized_SL",-0.259362820564799,0.00107729552871882
"lymphocyte.dens","localized_SL",-0.262188460831954,0.00094491730307622
"cancer.dens","localized_SL",0.105298766107857,0.19079058862118
"stroma.dens","localized_SL",-0.413607367722542,8.01923907278734e-08
"cancer.to.lympho.avgCount","localized_SL",-0.0418855416765814,0.603641686159015
"lympho.to.cancer.avgCount","localized_SL",-0.311706610854033,7.46210100581735e-05
"cancer.to.stroma.avgCount","localized_SL",-0.0292723032211673,0.716792935313349
"stroma.to.cancer.avgCount","localized_SL",-0.440137060181758,8.96117935411667e-09
"stroma.to.lympho.avgCount","localized_SL",-0.445589375434166,5.57740653661654e-09
"lympho.to.stroma.avgCount","localized_SL",-0.30509203626197,0.000107637673286698
"ShannonH","localized_SL",-0.341193135672395,1.30807281637502e-05
"DoC_TL_max","localized_SL",-0.0713767184955108,0.375911228392985
"DoC_SL_max","localized_SL",-0.0017560911088242,0.982641646859957
"DoC_TL_min","localized_SL",0.111189878535178,0.167008274040878
"DoC_SL_min","localized_SL",0.388521876130793,5.38873440092402e-07
"DoC_TL_mean","localized_SL",0.2918108850955,0.000218865960655457
"DoC_SL_mean","localized_SL",0.173993169322682,0.0298335329583861
"DoC_TL_Std","localized_SL",0.30780822900051,9.27014084548539e-05
"DoC_SL_Std","localized_SL",-0.00774858447299971,0.9235182896679
"DoC_LT_max","localized_SL",-0.0283934575435856,0.724948525459634
"DoC_ST_max","localized_SL",0.0232629384139977,0.77315060317005
"DoC_LT_min","localized_SL",0.127493520998568,0.112724289893958
"DoC_ST_min","localized_SL",0.0862006952002376,0.284628131920412
"DoC_LT_mean","localized_SL",0.199279552016671,0.0126294510070615
"DoC_ST_mean","localized_SL",-0.117907050949571,0.142666505813166
"DoC_LT_Std","localized_SL",-0.130674707634828,0.103953899975059
"DoC_ST_Std","localized_SL",-0.371200702128014,1.83700403177944e-06
"DoC_TS_max","localized_SL",0.0351591091815563,0.663025284152265
"DoC_LS_max","localized_SL",0.0636516094240952,0.429869248031503
"DoC_TS_min","localized_SL",0.164199160450387,0.0405329037790054
"DoC_LS_min","localized_SL",0.514145717520569,6.65023591750469e-12
"DoC_TS_mean","localized_SL",0.379809442927772,1.00744745590298e-06
"DoC_LS_mean","localized_SL",0.515273380591986,5.87641046934095e-12
"DoC_TS_Std","localized_SL",0.488951834475525,9.39994748705431e-11
"DoC_LS_Std","localized_SL",0.0647844093638941,0.42168932756884
"localized_TL","localized_SL",0.316415738510472,5.71848091999172e-05
"Kcross.Cancer2lympho","localized_LT",0.0703169470227823,0.38305819332286
"Kcross.lympho2Cancer","localized_LT",0.0699447671284985,0.385587556425999
"Kcross.Cancer2Stromal","localized_LT",0.0636357299636097,0.429984557973663
"Kcross.Stromal2Cancer","localized_LT",0.0654215634278712,0.417128454916854
"Kcross.Lympho2Stromal","localized_LT",0.147283436827472,0.0665362019293352
"Kcross.Stromal2Lympho","localized_LT",0.147493210348931,0.0661455088602199
"cancer_ratio","localized_LT",0.0235746235574863,0.770195284632539
"stromal_ratio","localized_LT",0.107622823049772,0.181129505345487
"lymphocytes_ratio","localized_LT",-0.0453411717508035,0.574084907147161
"lymphocyte.dens","localized_LT",-0.0767697223736215,0.340818849946855
"cancer.dens","localized_LT",-0.218388160184657,0.00616506438190845
"stroma.dens","localized_LT",-0.0377550768009937,0.639830987301884
"cancer.to.lympho.avgCount","localized_LT",-0.239087073026228,0.00264797065238498
"lympho.to.cancer.avgCount","localized_LT",-0.112958356471696,0.16031872167745
"cancer.to.stroma.avgCount","localized_LT",-0.243301185842501,0.00220956102406045
"stroma.to.cancer.avgCount","localized_LT",-0.0769631923964672,0.339599820917392
"stroma.to.lympho.avgCount","localized_LT",-0.0835172573057094,0.299944237158134
"lympho.to.stroma.avgCount","localized_LT",-0.128273859586526,0.110521241010167
"ShannonH","localized_LT",-0.169235621863389,0.0346854873786686
"DoC_TL_max","localized_LT",0.204277571794475,0.0105294793390294
"DoC_SL_max","localized_LT",-0.101909145626171,0.205546573076556
"DoC_TL_min","localized_LT",0.362551696300915,3.30190297948008e-06
"DoC_SL_min","localized_LT",0.177328793904261,0.0267872035092163
"DoC_TL_mean","localized_LT",0.353203566070984,6.10642150444818e-06
"DoC_SL_mean","localized_LT",0.0314419828547534,0.696796683731534
"DoC_TL_Std","localized_LT",0.318846177489604,4.9758685632062e-05
"DoC_SL_Std","localized_LT",0.164726738417769,0.0398839257347059
"DoC_LT_max","localized_LT",0.192271848187614,0.016188347743352
"DoC_ST_max","localized_LT",0.0877356839504551,0.276106750043466
"DoC_LT_min","localized_LT",0.341852025359872,1.25554516947624e-05
"DoC_ST_min","localized_LT",0.28732731852494,0.000275992485834209
"DoC_LT_mean","localized_LT",0.305417140932804,0.000105738289061463
"DoC_ST_mean","localized_LT",0.102911852121684,0.201098470035745
"DoC_LT_Std","localized_LT",0.0236210666214748,0.769755205003893
"DoC_ST_Std","localized_LT",0.13017514955327,0.105294477271608
"DoC_TS_max","localized_LT",0.0313941873102988,0.69723499864939
"DoC_LS_max","localized_LT",-0.124000036701502,0.123009822688682
"DoC_TS_min","localized_LT",0.295091039798781,0.000184261824853316
"DoC_LS_min","localized_LT",0.225604291765019,0.00462960326575068
"DoC_TS_mean","localized_LT",0.177434895498115,0.0266948390424164
"DoC_LS_mean","localized_LT",-0.0528332915891475,0.512443190215909
"DoC_TS_Std","localized_LT",0.0355141500643157,0.659833500753315
"DoC_LS_Std","localized_LT",-0.106898714102027,0.18410024715714
"localized_TL","localized_LT",0.453000504548235,2.88830115380279e-09
"localized_SL","localized_LT",0.150676101981913,0.0604438288670639
"Kcross.Cancer2lympho","localized_ST",0.135851674339509,0.0908388781178406
"Kcross.lympho2Cancer","localized_ST",0.127150262180136,0.113704166266394
"Kcross.Cancer2Stromal","localized_ST",0.202065741270729,0.0114175421669103
"Kcross.Stromal2Cancer","localized_ST",0.201348210891425,0.0117194492200832
"Kcross.Lympho2Stromal","localized_ST",0.374400296049986,1.47237848535653e-06
"Kcross.Stromal2Lympho","localized_ST",0.37845935974797,1.10823708077135e-06
"cancer_ratio","localized_ST",0.220623842968747,0.00564678066960767
"stromal_ratio","localized_ST",-0.330500250289891,2.51135066577923e-05
"lymphocytes_ratio","localized_ST",-0.157786877217993,0.0491545282356125
"lymphocyte.dens","localized_ST",-0.175920278977608,0.0280394818458718
"cancer.dens","localized_ST",0.0302683221345076,0.707588544816106
"stroma.dens","localized_ST",-0.453097503796738,2.86323142972833e-09
"cancer.to.lympho.avgCount","localized_ST",-0.0961382221340596,0.232526328558584
"lympho.to.cancer.avgCount","localized_ST",-0.231024118854517,0.00371212265817444
"cancer.to.stroma.avgCount","localized_ST",-0.0859512125496594,0.286029585648851
"stroma.to.cancer.avgCount","localized_ST",-0.466183378915661,8.61185345257809e-10
"stroma.to.lympho.avgCount","localized_ST",-0.4651827005456,9.45751699177322e-10
"lympho.to.stroma.avgCount","localized_ST",-0.219334723182656,0.00594066308591112
"ShannonH","localized_ST",-0.34960524837539,7.69724177684949e-06
"DoC_TL_max","localized_ST",-0.0778250119761685,0.334203299441135
"DoC_SL_max","localized_ST",-0.159527590801757,0.0466755602985953
"DoC_TL_min","localized_ST",0.129722101443719,0.106521955790664
"DoC_SL_min","localized_ST",0.325809749897508,3.31808433116088e-05
"DoC_TL_mean","localized_ST",0.262320130807509,0.000939128987166971
"DoC_SL_mean","localized_ST",-0.0389579903849812,0.629198589843132
"DoC_TL_Std","localized_ST",0.231195237946285,0.00368602862983058
"DoC_SL_Std","localized_ST",-0.205146651986218,0.0101975479401388
"DoC_LT_max","localized_ST",-0.0169053831610974,0.834085276246711
"DoC_ST_max","localized_ST",0.0202320714274324,0.802052384113928
"DoC_LT_min","localized_ST",0.12577168782357,0.117706528349151
"DoC_ST_min","localized_ST",0.174849688012785,0.0290244356678864
"DoC_LT_mean","localized_ST",0.174740768204598,0.0291262758431059
"DoC_ST_mean","localized_ST",-0.115912837787348,0.149593398989585
"DoC_LT_Std","localized_ST",-0.0811640625515822,0.313815271015319
"DoC_ST_Std","localized_ST",-0.398347630093923,2.60317099431973e-07
"DoC_TS_max","localized_ST",0.000292035075683191,0.997113115014628
"DoC_LS_max","localized_ST",-0.0820328508451443,0.308646255669707
"DoC_TS_min","localized_ST",0.222354413872655,0.00527269675776898
"DoC_LS_min","localized_ST",0.427592604765134,2.58589922808028e-08
"DoC_TS_mean","localized_ST",0.354780334461348,5.51236412515976e-06
"DoC_LS_mean","localized_ST",0.408732629021633,1.17562948709349e-07
"DoC_TS_Std","localized_ST",0.460611960392372,1.4452150587374e-09
"DoC_LS_Std","localized_ST",0.0673783367464453,0.403302758157307
"localized_TL","localized_ST",0.255875289310847,0.0012640323543911
"localized_SL","localized_ST",0.887518984633367,0
"localized_LT","localized_ST",0.275799380383293,0.000492379712096813
"Kcross.Cancer2lympho","localized_TS",0.315158163515898,6.142369038864e-05
"Kcross.lympho2Cancer","localized_TS",0.305368440416877,0.000106020807499885
"Kcross.Cancer2Stromal","localized_TS",0.415620528642811,6.83515437582827e-08
"Kcross.Stromal2Cancer","localized_TS",0.418133254606181,5.5912054985896e-08
"Kcross.Lympho2Stromal","localized_TS",0.456012248116085,2.20057971844767e-09
"Kcross.Stromal2Lympho","localized_TS",0.439690586734921,9.31254362512846e-09
"cancer_ratio","localized_TS",0.329043320933232,2.7396652117595e-05
"stromal_ratio","localized_TS",-0.323067653485359,3.8967214207819e-05
"lymphocytes_ratio","localized_TS",-0.2691696498112,0.000679246023736146
"lymphocyte.dens","localized_TS",-0.222830889019118,0.00517367006948
"cancer.dens","localized_TS",0.214306205749216,0.00722174743776227
"stroma.dens","localized_TS",-0.430199697920621,2.0820499990748e-08
"cancer.to.lympho.avgCount","localized_TS",0.0666909889921942,0.408127990837458
"lympho.to.cancer.avgCount","localized_TS",-0.275867180757848,0.000490741776597359
"cancer.to.stroma.avgCount","localized_TS",0.0718325230254208,0.372862578538408
"stroma.to.cancer.avgCount","localized_TS",-0.462016062417745,1.26954913248767e-09
"stroma.to.lympho.avgCount","localized_TS",-0.462750970164819,1.1860126214458e-09
"lympho.to.stroma.avgCount","localized_TS",-0.277428035586323,0.000454397699034326
"ShannonH","localized_TS",-0.329770585575248,2.62335779055434e-05
"DoC_TL_max","localized_TS",0.198947430418146,0.0127811806602973
"DoC_SL_max","localized_TS",-0.0607716957477367,0.451071071792334
"DoC_TL_min","localized_TS",0.152052014098672,0.0581071969517999
"DoC_SL_min","localized_TS",0.323133031324271,3.88188517650434e-05
"DoC_TL_mean","localized_TS",0.393404562196015,3.76480908226284e-07
"DoC_SL_mean","localized_TS",0.0792628335109796,0.325322581581331
"DoC_TL_Std","localized_TS",0.429352690400389,2.23437857105324e-08
"DoC_SL_Std","localized_TS",-0.0676242142786802,0.401584930761441
"DoC_LT_max","localized_TS",0.200412629886168,0.0121236217777803
"DoC_ST_max","localized_TS",0.38672212367665,6.14135005516658e-07
"DoC_LT_min","localized_TS",0.102363034036371,0.203524387533911
"DoC_ST_min","localized_TS",0.0867059619021947,0.2818039409125
"DoC_LT_mean","localized_TS",0.285208117330766,0.000307557375107681
"DoC_ST_mean","localized_TS",0.281045333397358,0.000379520831188085
"DoC_LT_Std","localized_TS",0.012917475321471,0.87284301371259
"DoC_ST_Std","localized_TS",-0.0357990117859455,0.657277043249555
"DoC_TS_max","localized_TS",0.370311511337032,1.95268641256519e-06
"DoC_LS_max","localized_TS",-0.0334671823320799,0.678318054032786
"DoC_TS_min","localized_TS",0.136730554941927,0.0887492879423586
"DoC_LS_min","localized_TS",0.340964734821415,1.32676085982109e-05
"DoC_TS_mean","localized_TS",0.659703129462202,0
"DoC_LS_mean","localized_TS",0.384821575137515,7.04458154476839e-07
"DoC_TS_Std","localized_TS",0.644201991816542,0
"DoC_LS_Std","localized_TS",0.0949871771408519,0.238192405939101
"localized_TL","localized_TS",0.50516647119261,1.75235381760785e-11
"localized_SL","localized_TS",0.544417898579807,2.04058991926104e-13
"localized_LT","localized_TS",0.0946404966467031,0.239917715118657
"localized_ST","localized_TS",0.513259598243004,7.32658378410633e-12
"Kcross.Cancer2lympho","localized_LS",0.0558700346079471,0.488469176416955
"Kcross.lympho2Cancer","localized_LS",0.0521627238646048,0.517817773614742
"Kcross.Cancer2Stromal","localized_LS",0.141648486355342,0.0777546975260361
"Kcross.Stromal2Cancer","localized_LS",0.155053852875255,0.0532667377581073
"Kcross.Lympho2Stromal","localized_LS",0.297703193888174,0.000160424281244964
"Kcross.Stromal2Lympho","localized_LS",0.316071483721127,5.83170642229902e-05
"cancer_ratio","localized_LS",-0.113539394038453,0.158165218593719
"stromal_ratio","localized_LS",-0.418439010005173,5.45557794495721e-08
"lymphocytes_ratio","localized_LS",0.198467189906618,0.0130034026504391
"lymphocyte.dens","localized_LS",0.201398154957849,0.0116982100343308
"cancer.dens","localized_LS",0.0178538761763638,0.824921888928443
"stroma.dens","localized_LS",-0.385632066332187,6.6448962732224e-07
"cancer.to.lympho.avgCount","localized_LS",-0.0557899225761436,0.489093848395465
"lympho.to.cancer.avgCount","localized_LS",0.167699165487709,0.0363885288416497
"cancer.to.stroma.avgCount","localized_LS",-0.0393829132281495,0.625460723940606
"stroma.to.cancer.avgCount","localized_LS",-0.394513802360058,3.46745476775823e-07
"stroma.to.lympho.avgCount","localized_LS",-0.400037474652842,2.29151845498876e-07
"lympho.to.stroma.avgCount","localized_LS",0.175128339769508,0.0287652763169757
"ShannonH","localized_LS",-0.207001089218547,0.00951995684178453
"DoC_TL_max","localized_LS",0.0455140753167112,0.572624026710351
"DoC_SL_max","localized_LS",0.390157671898339,4.78176877427572e-07
"DoC_TL_min","localized_LS",-0.154198729341201,0.0546103792548349
"DoC_SL_min","localized_LS",0.0278444826365509,0.730058744014414
"DoC_TL_mean","localized_LS",-0.174145843042279,0.0296879215403512
"DoC_SL_mean","localized_LS",0.382976621658675,8.04166401469075e-07
"DoC_TL_Std","localized_LS",0.0265892316036167,0.741787808068864
"DoC_SL_Std","localized_LS",0.212826306144514,0.00764287591885071
"DoC_LT_max","localized_LS",0.0706809569041361,0.380594115712848
"DoC_ST_max","localized_LS",0.072872376871553,0.365964487910134
"DoC_LT_min","localized_LS",-0.129987598670907,0.105801268413204
"DoC_ST_min","localized_LS",0.0122545508300308,0.879317859175071
"DoC_LT_mean","localized_LS",-0.194628762119975,0.0149045056317019
"DoC_ST_mean","localized_LS",-0.0988706141399758,0.219457067981744
"DoC_LT_Std","localized_LS",0.0972179585101823,0.227297980102373
"DoC_ST_Std","localized_LS",-0.281774049894274,0.000365892451172023
"DoC_TS_max","localized_LS",-0.00750522160230295,0.925913422125143
"DoC_LS_max","localized_LS",0.401456307570831,2.05772812567062e-07
"DoC_TS_min","localized_LS",0.104518060149769,0.194118788922758
"DoC_LS_min","localized_LS",0.114522561830514,0.154570815186401
"DoC_TS_mean","localized_LS",0.211358684055954,0.00808189482498012
"DoC_LS_mean","localized_LS",0.723714202218892,0
"DoC_TS_Std","localized_LS",0.273251992837235,0.000557704074553467
"DoC_LS_Std","localized_LS",0.521620779031568,2.90434343241941e-12
"localized_TL","localized_LS",-0.0111239666198188,0.890378610174989
"localized_SL","localized_LS",0.53177412872129,9.12159237032029e-13
"localized_LT","localized_LS",0.152883377991926,0.0567317204242386
"localized_ST","localized_LS",0.404673015981864,1.60925185621608e-07
"localized_TS","localized_LS",0.241512687859344,0.00238687834885587
